"rule_id","scope","title","summary","created","modified","active_time","label_names","source_url","json_path","markdown_path"
"1090224406216708096","personal_individual","京东开放平台个人/个体交易管理规则","京东开放平台个人/个体交易管理规则","2024-03-28","2026-05-07","2026-05-06","","https://learn-jdm.jd.com/knowledge/rule/detail?ruleId=1090224406216708096","data\jd_rules\json\1090224406216708096_京东开放平台个人_个体交易管理规则.json","data\jd_rules\markdown\1090224406216708096_京东开放平台个人_个体交易管理规则.md"
"1090233093538844672","personal_individual","京东开放平台个人/个体纠纷处理规则","京东开放平台个人/个体纠纷处理规则","2024-03-27","2025-08-19","2025-07-03","","https://learn-jdm.jd.com/knowledge/rule/detail?ruleId=1090233093538844672","data\jd_rules\json\1090233093538844672_京东开放平台个人_个体纠纷处理规则.json","data\jd_rules\markdown\1090233093538844672_京东开放平台个人_个体纠纷处理规则.md"
"1090233883129155584","personal_individual","京东开放平台个人/个体退店管理规则","京东开放平台个人/个体退店管理规则","2024-03-27","2025-08-19","2024-06-30","","https://learn-jdm.jd.com/knowledge/rule/detail?ruleId=1090233883129155584","data\jd_rules\json\1090233883129155584_京东开放平台个人_个体退店管理规则.json","data\jd_rules\markdown\1090233883129155584_京东开放平台个人_个体退店管理规则.md"
"1090450620420329472","personal_individual","京东开放平台个人/个体商品管理规则","京东开放平台个人/个体商品管理规则","2024-03-28","2026-06-12","2025-08-24","","https://learn-jdm.jd.com/knowledge/rule/detail?ruleId=1090450620420329472","data\jd_rules\json\1090450620420329472_京东开放平台个人_个体商品管理规则.json","data\jd_rules\markdown\1090450620420329472_京东开放平台个人_个体商品管理规则.md"
"1145534961424666624","personal_individual","京东开放平台个体店铺主体变更规则","京东开放平台个体店铺主体变更规则","2024-08-27","2026-06-10","2026-02-02","","https://learn-jdm.jd.com/knowledge/rule/detail?ruleId=1145534961424666624","data\jd_rules\json\1145534961424666624_京东开放平台个体店铺主体变更规则.json","data\jd_rules\markdown\1145534961424666624_京东开放平台个体店铺主体变更规则.md"
"1147727438441222144","personal_individual","京东开放平台个人/个体店铺星级规则","京东开放平台个人/个体店铺星级规则","2024-09-02","2026-03-20","2026-03-19","","https://learn-jdm.jd.com/knowledge/rule/detail?ruleId=1147727438441222144","data\jd_rules\json\1147727438441222144_京东开放平台个人_个体店铺星级规则.json","data\jd_rules\markdown\1147727438441222144_京东开放平台个人_个体店铺星级规则.md"
"1207258240992284672","personal_individual","京东开放平台个人/个体盲盒商品管理规则","京东开放平台个人/个体盲盒商品管理规则","2025-02-13","2025-08-19","2025-02-19","","https://learn-jdm.jd.com/knowledge/rule/detail?ruleId=1207258240992284672","data\jd_rules\json\1207258240992284672_京东开放平台个人_个体盲盒商品管理规则.json","data\jd_rules\markdown\1207258240992284672_京东开放平台个人_个体盲盒商品管理规则.md"
"1208689859091369984","personal_individual","关于修订《京东开放平台个人/个体纠纷处理规则》的公示通知","关于修订《京东开放平台个人/个体纠纷处理规则》的公示通知","2025-02-17","2025-02-17","2025-02-23","","https://learn-jdm.jd.com/knowledge/rule/detail?ruleId=1208689859091369984","data\jd_rules\json\1208689859091369984_关于修订《京东开放平台个人_个体纠纷处理规则》的公示通知.json","data\jd_rules\markdown\1208689859091369984_关于修订《京东开放平台个人_个体纠纷处理规则》的公示通知.md"
"1208722953223671808","personal_individual","关于修订《京东开放平台个人/个体合规管理规则》的公示通知","关于修订《京东开放平台个人/个体合规管理规则》的公示通知","2025-02-17","2025-02-17","2025-02-23","","https://learn-jdm.jd.com/knowledge/rule/detail?ruleId=1208722953223671808","data\jd_rules\json\1208722953223671808_关于修订《京东开放平台个人_个体合规管理规则》的公示通知.json","data\jd_rules\markdown\1208722953223671808_关于修订《京东开放平台个人_个体合规管理规则》的公示通知.md"
"1211584136112902144","personal_individual","关于修订《京东开放平台个人/个体店铺综合体验分规则》的公示通知","关于修订《京东开放平台个人/个体店铺综合体验分规则》的公示通知","2025-02-25","2025-02-25","2025-03-31","","https://learn-jdm.jd.com/knowledge/rule/detail?ruleId=1211584136112902144","data\jd_rules\json\1211584136112902144_关于修订《京东开放平台个人_个体店铺综合体验分规则》的公示通知.json","data\jd_rules\markdown\1211584136112902144_关于修订《京东开放平台个人_个体店铺综合体验分规则》的公示通知.md"
"1211622812805107712","personal_individual","京东开放平台个人/个体经营类目商品阈值明细表","京东开放平台个人/个体经营类目商品阈值明细表","2025-02-25","2026-05-20","2026-05-19","","https://learn-jdm.jd.com/knowledge/rule/detail?ruleId=1211622812805107712","data\jd_rules\json\1211622812805107712_京东开放平台个人_个体经营类目商品阈值明细表.json","data\jd_rules\markdown\1211622812805107712_京东开放平台个人_个体经营类目商品阈值明细表.md"
"1212731056730542080","personal_individual","关于修订《京东开放平台个人/个体合规管理规则》的公示通知","关于修订《京东开放平台个人/个体合规管理规则》的公示通知","2025-02-28","2025-02-28","2025-03-06","","https://learn-jdm.jd.com/knowledge/rule/detail?ruleId=1212731056730542080","data\jd_rules\json\1212731056730542080_关于修订《京东开放平台个人_个体合规管理规则》的公示通知.json","data\jd_rules\markdown\1212731056730542080_关于修订《京东开放平台个人_个体合规管理规则》的公示通知.md"
"1214092191434149888","personal_individual","关于修订《京东开放平台个人/个体交易管理规则》的公示通知","目前物流损场景需要明确逆向售后寄回商品得损失责任承担方，便于客服判责","2025-03-04","2025-03-04","2025-03-06","","https://learn-jdm.jd.com/knowledge/rule/detail?ruleId=1214092191434149888","data\jd_rules\json\1214092191434149888_关于修订《京东开放平台个人_个体交易管理规则》的公示通知.json","data\jd_rules\markdown\1214092191434149888_关于修订《京东开放平台个人_个体交易管理规则》的公示通知.md"
"1216727103068835840","personal_individual","关于修订《京东开放平台个人/个体合规管理规则》的公示通知","关于修订《京东开放平台个人/个体合规管理规则》的公示通知","2025-03-11","2025-03-12","2025-03-17","","https://learn-jdm.jd.com/knowledge/rule/detail?ruleId=1216727103068835840","data\jd_rules\json\1216727103068835840_关于修订《京东开放平台个人_个体合规管理规则》的公示通知.json","data\jd_rules\markdown\1216727103068835840_关于修订《京东开放平台个人_个体合规管理规则》的公示通知.md"
"1217412041682325504","personal_individual","关于修订《京东开放平台个人/个体纠纷处理规则》的公示通知","关于修订《京东开放平台个人/个体纠纷处理规则》的公示","2025-03-13","2025-03-13","2025-03-19","","https://learn-jdm.jd.com/knowledge/rule/detail?ruleId=1217412041682325504","data\jd_rules\json\1217412041682325504_关于修订《京东开放平台个人_个体纠纷处理规则》的公示通知.json","data\jd_rules\markdown\1217412041682325504_关于修订《京东开放平台个人_个体纠纷处理规则》的公示通知.md"
"1219533846010269696","personal_individual","关于修订《京东开放平台个人/个体合规管理规则》的公示通知","关于修订《京东开放平台个人/个体合规管理规则》的公示通知","2025-03-19","2025-03-19","2025-03-25","","https://learn-jdm.jd.com/knowledge/rule/detail?ruleId=1219533846010269696","data\jd_rules\json\1219533846010269696_关于修订《京东开放平台个人_个体合规管理规则》的公示通知.json","data\jd_rules\markdown\1219533846010269696_关于修订《京东开放平台个人_个体合规管理规则》的公示通知.md"
"1221451254555873280","personal_individual","关于新增《京东开放平台个人店铺主体升级规则》的公示通知","关于新增《京东开放平台个人店铺主体升级规则》的公示通知","2025-03-24","2025-03-24","2025-03-30","","https://learn-jdm.jd.com/knowledge/rule/detail?ruleId=1221451254555873280","data\jd_rules\json\1221451254555873280_关于新增《京东开放平台个人店铺主体升级规则》的公示通知.json","data\jd_rules\markdown\1221451254555873280_关于新增《京东开放平台个人店铺主体升级规则》的公示通知.md"
"1223868743667552256","personal_individual","关于修订《京东开放平台个人/个体一物一检规则》的公示通知","关于修订《京东开放平台个人/个体一物一检规则》的公示通知","2025-03-31","2025-03-31","2025-04-06","","https://learn-jdm.jd.com/knowledge/rule/detail?ruleId=1223868743667552256","data\jd_rules\json\1223868743667552256_关于修订《京东开放平台个人_个体一物一检规则》的公示通知.json","data\jd_rules\markdown\1223868743667552256_关于修订《京东开放平台个人_个体一物一检规则》的公示通知.md"
"1224243967810473984","personal_individual","京东开放平台个人/个体店铺主体升级规则","京东开放平台个人/个体店铺主体升级规则","2025-04-01","2025-09-12","2025-09-11","","https://learn-jdm.jd.com/knowledge/rule/detail?ruleId=1224243967810473984","data\jd_rules\json\1224243967810473984_京东开放平台个人_个体店铺主体升级规则.json","data\jd_rules\markdown\1224243967810473984_京东开放平台个人_个体店铺主体升级规则.md"
"1224915672044277760","personal_individual","关于修订《京东开放平台个人/个体合规管理规则》的公示通知","关于修订《京东开放平台个人/个体合规管理规则》的公示通知","2025-04-03","2025-04-03","2025-04-09","","https://learn-jdm.jd.com/knowledge/rule/detail?ruleId=1224915672044277760","data\jd_rules\json\1224915672044277760_关于修订《京东开放平台个人_个体合规管理规则》的公示通知.json","data\jd_rules\markdown\1224915672044277760_关于修订《京东开放平台个人_个体合规管理规则》的公示通知.md"
"1233011167220338688","personal_individual","关于修订《京东开放平台个人/个体交易管理规则》的公示通知","《京东开放平台个人/个体交易管理规则》","2025-04-25","2025-04-25","2025-04-29","","https://learn-jdm.jd.com/knowledge/rule/detail?ruleId=1233011167220338688","data\jd_rules\json\1233011167220338688_关于修订《京东开放平台个人_个体交易管理规则》的公示通知.json","data\jd_rules\markdown\1233011167220338688_关于修订《京东开放平台个人_个体交易管理规则》的公示通知.md"
"1233961523773313024","personal_individual","关于修订《京东开放平台个人/个体纠纷处理规则》及相关规则的公示通知","关于修订《京东开放平台个人/个体纠纷处理规则》及相关规则的公示通知","2025-04-28","2025-04-28","2025-05-04","","https://learn-jdm.jd.com/knowledge/rule/detail?ruleId=1233961523773313024","data\jd_rules\json\1233961523773313024_关于修订《京东开放平台个人_个体纠纷处理规则》及相关规则的公示通知.json","data\jd_rules\markdown\1233961523773313024_关于修订《京东开放平台个人_个体纠纷处理规则》及相关规则的公示通知.md"
"1234788793198972928","personal_individual","关于修订《京东开放平台个人/个体经营类目商品阈值明细表》的公示通知","关于修订《京东开放平台个人/个体经营类目商品阈值明细表》的公示通知","2025-04-30","2025-04-30","2025-05-06","","https://learn-jdm.jd.com/knowledge/rule/detail?ruleId=1234788793198972928","data\jd_rules\json\1234788793198972928_关于修订《京东开放平台个人_个体经营类目商品阈值明细表》的公示通知.json","data\jd_rules\markdown\1234788793198972928_关于修订《京东开放平台个人_个体经营类目商品阈值明细表》的公示通知.md"
"1239414283402612736","personal_individual","关于修订《京东开放平台个人个体交易管理规则》的公示通知","京东开放平台个人个体交易管理规则","2025-05-13","2025-05-13","2025-05-19","","https://learn-jdm.jd.com/knowledge/rule/detail?ruleId=1239414283402612736","data\jd_rules\json\1239414283402612736_关于修订《京东开放平台个人个体交易管理规则》的公示通知.json","data\jd_rules\markdown\1239414283402612736_关于修订《京东开放平台个人个体交易管理规则》的公示通知.md"
"1247888971204268032","personal_individual","关于修订《京东开放平台个人/个体经营类目商品阈值明细表》的公示通知","关于修订《京东开放平台个人/个体经营类目商品阈值明细表》的公示通知","2025-06-05","2025-06-05","2025-06-11","","https://learn-jdm.jd.com/knowledge/rule/detail?ruleId=1247888971204268032","data\jd_rules\json\1247888971204268032_关于修订《京东开放平台个人_个体经营类目商品阈值明细表》的公示通知.json","data\jd_rules\markdown\1247888971204268032_关于修订《京东开放平台个人_个体经营类目商品阈值明细表》的公示通知.md"
"1249712217973198848","personal_individual","关于修订《 京东开放平台个人/个体店铺综合体验分规则》的公示通知","关于修订《 京东开放平台个人/个体店铺综合体验分规则》的公示通知","2025-06-10","2025-07-09","2025-07-08","","https://learn-jdm.jd.com/knowledge/rule/detail?ruleId=1249712217973198848","data\jd_rules\json\1249712217973198848_关于修订《_京东开放平台个人_个体店铺综合体验分规则》的公示通知.json","data\jd_rules\markdown\1249712217973198848_关于修订《_京东开放平台个人_个体店铺综合体验分规则》的公示通知.md"
"1253296595865309184","personal_individual","关于修订《京东开放平台个人/个体合规管理规则》的公示通知","关于修订《京东开放平台个人/个体合规管理规则》的公示通知","2025-06-20","2025-06-20","2025-06-26","","https://learn-jdm.jd.com/knowledge/rule/detail?ruleId=1253296595865309184","data\jd_rules\json\1253296595865309184_关于修订《京东开放平台个人_个体合规管理规则》的公示通知.json","data\jd_rules\markdown\1253296595865309184_关于修订《京东开放平台个人_个体合规管理规则》的公示通知.md"
"1255060997891297280","personal_individual","关于修订《京东开放平台个人/个体合规管理规则》的公示通知","关于修订《京东开放平台个人/个体合规管理规则》的公示通知","2025-06-25","2025-06-25","2025-07-01","","https://learn-jdm.jd.com/knowledge/rule/detail?ruleId=1255060997891297280","data\jd_rules\json\1255060997891297280_关于修订《京东开放平台个人_个体合规管理规则》的公示通知.json","data\jd_rules\markdown\1255060997891297280_关于修订《京东开放平台个人_个体合规管理规则》的公示通知.md"
"1255762570669854720","personal_individual","关于修订《京东开放平台个人/个体纠纷处理规则》的公示通知","关于修订《京东开放平台个人/个体纠纷处理规则》的公示通知","2025-06-27","2025-06-27","2025-07-03","","https://learn-jdm.jd.com/knowledge/rule/detail?ruleId=1255762570669854720","data\jd_rules\json\1255762570669854720_关于修订《京东开放平台个人_个体纠纷处理规则》的公示通知.json","data\jd_rules\markdown\1255762570669854720_关于修订《京东开放平台个人_个体纠纷处理规则》的公示通知.md"
"1257213261586239488","personal_individual","关于修订《京东开放平台个人/个体开店管理规则》的公示通知","京东开放平台个人/个体开店管理规则","2025-07-01","2025-07-01","2025-07-07","","https://learn-jdm.jd.com/knowledge/rule/detail?ruleId=1257213261586239488","data\jd_rules\json\1257213261586239488_关于修订《京东开放平台个人_个体开店管理规则》的公示通知.json","data\jd_rules\markdown\1257213261586239488_关于修订《京东开放平台个人_个体开店管理规则》的公示通知.md"
"1259479258473041920","personal_individual","关于修订《京东开放平台个人/个体经营类目商品阈值明细表》的公示通知","关于修订《京东开放平台个人/个体经营类目商品阈值明细表》的公示通知","2025-07-07","2025-07-07","2025-07-13","","https://learn-jdm.jd.com/knowledge/rule/detail?ruleId=1259479258473041920","data\jd_rules\json\1259479258473041920_关于修订《京东开放平台个人_个体经营类目商品阈值明细表》的公示通知.json","data\jd_rules\markdown\1259479258473041920_关于修订《京东开放平台个人_个体经营类目商品阈值明细表》的公示通知.md"
"1259847007779033088","personal_individual","关于修订《京东开放平台个人/个体合规管理规则》的公示通知","关于修订《京东开放平台个人/个体合规管理规则》的公示通知","2025-07-08","2025-07-08","2025-07-14","","https://learn-jdm.jd.com/knowledge/rule/detail?ruleId=1259847007779033088","data\jd_rules\json\1259847007779033088_关于修订《京东开放平台个人_个体合规管理规则》的公示通知.json","data\jd_rules\markdown\1259847007779033088_关于修订《京东开放平台个人_个体合规管理规则》的公示通知.md"
"1265577647216398336","personal_individual","关于修订《京东开放平台个人/个体合规管理规则》的公示通知","关于修订《京东开放平台个人/个体合规管理规则》的公示通知","2025-07-24","2025-07-24","2025-07-30","","https://learn-jdm.jd.com/knowledge/rule/detail?ruleId=1265577647216398336","data\jd_rules\json\1265577647216398336_关于修订《京东开放平台个人_个体合规管理规则》的公示通知.json","data\jd_rules\markdown\1265577647216398336_关于修订《京东开放平台个人_个体合规管理规则》的公示通知.md"
"1267046684546961408","personal_individual","关于修订《京东开放平台个人/个体合规管理规则》的公示通知","关于修订《京东开放平台个人/个体合规管理规则》的公示通知","2025-07-28","2025-07-29","2025-08-03","","https://learn-jdm.jd.com/knowledge/rule/detail?ruleId=1267046684546961408","data\jd_rules\json\1267046684546961408_关于修订《京东开放平台个人_个体合规管理规则》的公示通知.json","data\jd_rules\markdown\1267046684546961408_关于修订《京东开放平台个人_个体合规管理规则》的公示通知.md"
"1272855299103002624","personal_individual","关于修订《京东开放平台个人/个体商品管理规则》的公示通知","关于修订《京东开放平台个人/个体商品管理规则》的公示通知","2025-08-13","2025-08-19","2025-08-24","","https://learn-jdm.jd.com/knowledge/rule/detail?ruleId=1272855299103002624","data\jd_rules\json\1272855299103002624_关于修订《京东开放平台个人_个体商品管理规则》的公示通知.json","data\jd_rules\markdown\1272855299103002624_关于修订《京东开放平台个人_个体商品管理规则》的公示通知.md"
"1274706583716237312","personal_individual","关于修订《京东开放平台个人/个体经营类目商品阈值明细表》的公示通知","关于修订《京东开放平台个人/个体经营类目商品阈值明细表》的公示通知","2025-08-18","2025-08-19","2025-08-24","","https://learn-jdm.jd.com/knowledge/rule/detail?ruleId=1274706583716237312","data\jd_rules\json\1274706583716237312_关于修订《京东开放平台个人_个体经营类目商品阈值明细表》的公示通知.json","data\jd_rules\markdown\1274706583716237312_关于修订《京东开放平台个人_个体经营类目商品阈值明细表》的公示通知.md"
"1276069582439845888","personal_individual","关于修订《京东开放平台个人/个体合规管理规则》的公示通知","关于修订《京东开放平台个人/个体合规管理规则》的公示通知","2025-08-22","2025-08-22","2025-08-28","","https://learn-jdm.jd.com/knowledge/rule/detail?ruleId=1276069582439845888","data\jd_rules\json\1276069582439845888_关于修订《京东开放平台个人_个体合规管理规则》的公示通知.json","data\jd_rules\markdown\1276069582439845888_关于修订《京东开放平台个人_个体合规管理规则》的公示通知.md"
"1277536936805928960","personal_individual","【已失效】关于修订《京东开放平台个人/个体交易管理规则》的公示通知","京东开放平台个人/个体交易管理规则","2025-08-26","2026-06-18","2025-09-01","","https://learn-jdm.jd.com/knowledge/rule/detail?ruleId=1277536936805928960","data\jd_rules\json\1277536936805928960_【已失效】关于修订《京东开放平台个人_个体交易管理规则》的公示通知.json","data\jd_rules\markdown\1277536936805928960_【已失效】关于修订《京东开放平台个人_个体交易管理规则》的公示通知.md"
"1277887486005219328","personal_individual","关于修订《京东开放平台个人/个体店铺星级规则》的公示通知","关于修订《京东开放平台个人/个体店铺星级规则》的公示通知","2025-08-27","2025-08-27","2025-09-16","","https://learn-jdm.jd.com/knowledge/rule/detail?ruleId=1277887486005219328","data\jd_rules\json\1277887486005219328_关于修订《京东开放平台个人_个体店铺星级规则》的公示通知.json","data\jd_rules\markdown\1277887486005219328_关于修订《京东开放平台个人_个体店铺星级规则》的公示通知.md"
"1280880991510073344","personal_individual","关于修订《京东开放平台个人/个体合规管理规则》的公示通知","关于修订《京东开放平台个人/个体合规管理规则》的公示通知","2025-09-04","2025-09-04","2025-09-10","","https://learn-jdm.jd.com/knowledge/rule/detail?ruleId=1280880991510073344","data\jd_rules\json\1280880991510073344_关于修订《京东开放平台个人_个体合规管理规则》的公示通知.json","data\jd_rules\markdown\1280880991510073344_关于修订《京东开放平台个人_个体合规管理规则》的公示通知.md"
"1281216148016336896","personal_individual","关于修订《京东开放平台个人店铺主体升级规则》的公示通知","关于修订《京东开放平台个人店铺主体升级规则》的公示通知","2025-09-05","2025-09-09","2025-09-11","","https://learn-jdm.jd.com/knowledge/rule/detail?ruleId=1281216148016336896","data\jd_rules\json\1281216148016336896_关于修订《京东开放平台个人店铺主体升级规则》的公示通知.json","data\jd_rules\markdown\1281216148016336896_关于修订《京东开放平台个人店铺主体升级规则》的公示通知.md"
"1284831458732675072","personal_individual","“京东JD.COM”开放平台在线服务协议","“京东JD.COM”开放平台在线服务协议","2025-09-15","2026-01-09","2025-09-21","","https://learn-jdm.jd.com/knowledge/rule/detail?ruleId=1284831458732675072","data\jd_rules\json\1284831458732675072_“京东JD.COM”开放平台在线服务协议.json","data\jd_rules\markdown\1284831458732675072_“京东JD.COM”开放平台在线服务协议.md"
"1284833437756297216","personal_individual","关于修订《京东开放平台个人/个体合规管理规则》的公示通知","关于修订《京东开放平台个人/个体合规管理规则》的公示通知","2025-09-15","2025-09-15","2025-09-21","","https://learn-jdm.jd.com/knowledge/rule/detail?ruleId=1284833437756297216","data\jd_rules\json\1284833437756297216_关于修订《京东开放平台个人_个体合规管理规则》的公示通知.json","data\jd_rules\markdown\1284833437756297216_关于修订《京东开放平台个人_个体合规管理规则》的公示通知.md"
"1285939453038301184","personal_individual","关于修订《京东开放平台个人/个体合规管理规则》的公示通知","关于修订《京东开放平台个人/个体合规管理规则》的公示通知","2025-09-18","2025-09-18","2025-09-24","","https://learn-jdm.jd.com/knowledge/rule/detail?ruleId=1285939453038301184","data\jd_rules\json\1285939453038301184_关于修订《京东开放平台个人_个体合规管理规则》的公示通知.json","data\jd_rules\markdown\1285939453038301184_关于修订《京东开放平台个人_个体合规管理规则》的公示通知.md"
"1286254013129560064","personal_individual","关于修订《京东开放平台个人/个体交易管理规则》的公示通知","关于修订《京东开放平台个人/个体交易管理规则》的公示通知","2025-09-19","2025-09-19","2025-09-25","","https://learn-jdm.jd.com/knowledge/rule/detail?ruleId=1286254013129560064","data\jd_rules\json\1286254013129560064_关于修订《京东开放平台个人_个体交易管理规则》的公示通知.json","data\jd_rules\markdown\1286254013129560064_关于修订《京东开放平台个人_个体交易管理规则》的公示通知.md"
"1295662673208631296","personal_individual","关于修订《京东开放平台个人/个体合规管理规则》的公示通知","关于修订《京东开放平台个人/个体合规管理规则》的公示通知","2025-10-15","2025-10-15","2025-10-21","","https://learn-jdm.jd.com/knowledge/rule/detail?ruleId=1295662673208631296","data\jd_rules\json\1295662673208631296_关于修订《京东开放平台个人_个体合规管理规则》的公示通知.json","data\jd_rules\markdown\1295662673208631296_关于修订《京东开放平台个人_个体合规管理规则》的公示通知.md"
"1297844072060919808","personal_individual","关于修订《京东开放平台个人/个体经营类目商品阈值明细表》的公示通知","关于修订《京东开放平台个人/个体经营类目商品阈值明细表》的公示通知","2025-10-21","2025-10-21","2025-10-27","","https://learn-jdm.jd.com/knowledge/rule/detail?ruleId=1297844072060919808","data\jd_rules\json\1297844072060919808_关于修订《京东开放平台个人_个体经营类目商品阈值明细表》的公示通知.json","data\jd_rules\markdown\1297844072060919808_关于修订《京东开放平台个人_个体经营类目商品阈值明细表》的公示通知.md"
"1300341281989959680","personal_individual","关于修订《京东开放平台个人/个体合规管理规则》的公示通知","关于修订《京东开放平台个人/个体合规管理规则》的公示通知","2025-10-28","2025-10-28","2025-11-03","","https://learn-jdm.jd.com/knowledge/rule/detail?ruleId=1300341281989959680","data\jd_rules\json\1300341281989959680_关于修订《京东开放平台个人_个体合规管理规则》的公示通知.json","data\jd_rules\markdown\1300341281989959680_关于修订《京东开放平台个人_个体合规管理规则》的公示通知.md"
"1308037443300376576","personal_individual","关于修订《京东开放平台个人/个体合规管理规则》的公示通知","关于修订《京东开放平台个人/个体合规管理规则》的公示通知","2025-11-18","2025-11-18","2025-11-24","","https://learn-jdm.jd.com/knowledge/rule/detail?ruleId=1308037443300376576","data\jd_rules\json\1308037443300376576_关于修订《京东开放平台个人_个体合规管理规则》的公示通知.json","data\jd_rules\markdown\1308037443300376576_关于修订《京东开放平台个人_个体合规管理规则》的公示通知.md"
"1321674586772574208","personal_individual","关于修订《京东开放平台个人/个体开店管理规则》公示通知","关于修订《京东开放平台个人/个体开店管理规则》公示通知","2025-12-26","2025-12-26","2025-12-31","","https://learn-jdm.jd.com/knowledge/rule/detail?ruleId=1321674586772574208","data\jd_rules\json\1321674586772574208_关于修订《京东开放平台个人_个体开店管理规则》公示通知.json","data\jd_rules\markdown\1321674586772574208_关于修订《京东开放平台个人_个体开店管理规则》公示通知.md"
"1323564833215586304","personal_individual","关于修订《京东开放平台个人/个体合规管理规则》的公示通知","关于修订《京东开放平台个人/个体合规管理规则》的公示通知","2025-12-31","2025-12-31","2026-01-06","","https://learn-jdm.jd.com/knowledge/rule/detail?ruleId=1323564833215586304","data\jd_rules\json\1323564833215586304_关于修订《京东开放平台个人_个体合规管理规则》的公示通知.json","data\jd_rules\markdown\1323564833215586304_关于修订《京东开放平台个人_个体合规管理规则》的公示通知.md"
"1324983876244451328","personal_individual","关于修订《京东开放平台个人/个体交易管理规则》的公示通知","关于修订《京东开放平台个人/个体交易管理规则》的公示通知","2026-01-04","2026-01-04","2026-01-10","","https://learn-jdm.jd.com/knowledge/rule/detail?ruleId=1324983876244451328","data\jd_rules\json\1324983876244451328_关于修订《京东开放平台个人_个体交易管理规则》的公示通知.json","data\jd_rules\markdown\1324983876244451328_关于修订《京东开放平台个人_个体交易管理规则》的公示通知.md"
"1328191347167178752","personal_individual","关于修订《京东开放平台个人/个体交易管理规则》的公示通知","关于修订《京东开放平台个人/个体交易管理规则》的公示通知","2026-01-13","2026-01-13","2026-01-19","","https://learn-jdm.jd.com/knowledge/rule/detail?ruleId=1328191347167178752","data\jd_rules\json\1328191347167178752_关于修订《京东开放平台个人_个体交易管理规则》的公示通知.json","data\jd_rules\markdown\1328191347167178752_关于修订《京东开放平台个人_个体交易管理规则》的公示通知.md"
"1331900629675655168","personal_individual","关于修订《京东开放平台个人/个体店铺星级规则》的公示通知","关于修订《京东开放平台个人/个体店铺星级规则》的公示通知","2026-01-23","2026-01-23","2026-03-03","","https://learn-jdm.jd.com/knowledge/rule/detail?ruleId=1331900629675655168","data\jd_rules\json\1331900629675655168_关于修订《京东开放平台个人_个体店铺星级规则》的公示通知.json","data\jd_rules\markdown\1331900629675655168_关于修订《京东开放平台个人_个体店铺星级规则》的公示通知.md"
"1333040240550461440","personal_individual","关于修订《京东开放平台个人/个体合规管理规则》的公示通知","关于修订《京东开放平台个人/个体合规管理规则》的公示通知","2026-01-26","2026-01-26","2026-02-01","","https://learn-jdm.jd.com/knowledge/rule/detail?ruleId=1333040240550461440","data\jd_rules\json\1333040240550461440_关于修订《京东开放平台个人_个体合规管理规则》的公示通知.json","data\jd_rules\markdown\1333040240550461440_关于修订《京东开放平台个人_个体合规管理规则》的公示通知.md"
"1333340187688681472","personal_individual","关于修订《京东开放平台个体店铺主体变更规则》的公示通知","关于修订《京东开放平台个体店铺主体变更规则》的公示通知","2026-01-27","2026-01-27","2026-02-02","","https://learn-jdm.jd.com/knowledge/rule/detail?ruleId=1333340187688681472","data\jd_rules\json\1333340187688681472_关于修订《京东开放平台个体店铺主体变更规则》的公示通知.json","data\jd_rules\markdown\1333340187688681472_关于修订《京东开放平台个体店铺主体变更规则》的公示通知.md"
"1333351393424031744","personal_individual","京东开放平台个人/个体店铺二轮车配类目销售激励政策（2026.3.1-2026.4.30）","京东开放平台个人/个体店铺二轮车配类目销售激励政策（2026.3.1-2026.4.31）","2026-01-27","2026-03-30","2026-02-28","","https://learn-jdm.jd.com/knowledge/rule/detail?ruleId=1333351393424031744","data\jd_rules\json\1333351393424031744_京东开放平台个人_个体店铺二轮车配类目销售激励政策（2026.3.1-2026.4.30）.json","data\jd_rules\markdown\1333351393424031744_京东开放平台个人_个体店铺二轮车配类目销售激励政策（2026.3.1-2026.4.30）.md"
"1334355128174493696","personal_individual","京东开放平台个人/个体店铺资费规则","京东开放平台个人/个体店铺资费规则","2026-01-30","2026-06-17","2026-05-31","","https://learn-jdm.jd.com/knowledge/rule/detail?ruleId=1334355128174493696","data\jd_rules\json\1334355128174493696_京东开放平台个人_个体店铺资费规则.json","data\jd_rules\markdown\1334355128174493696_京东开放平台个人_个体店铺资费规则.md"
"1335877073803915264","personal_individual","京东开放平台个人/个体店铺母婴/玩具乐器类目招商激励政策（2026.2.1-2026.4.30）","京东开放平台个人/个体店铺母婴/玩具乐器类目招商激励政策（2026.2.1-2026.4.30）","2026-02-03","2026-03-30","2026-01-31","","https://learn-jdm.jd.com/knowledge/rule/detail?ruleId=1335877073803915264","data\jd_rules\json\1335877073803915264_京东开放平台个人_个体店铺母婴_玩具乐器类目招商激励政策（2026.2.1-2026.4.30）.json","data\jd_rules\markdown\1335877073803915264_京东开放平台个人_个体店铺母婴_玩具乐器类目招商激励政策（2026.2.1-2026.4.30）.md"
"1336249167389634560","personal_individual","关于修订《京东开放平台个人个体合规管理规则》的公示通知","关于修订《  京东开放平台个人个体合规管理规则》的公示通知","2026-02-04","2026-02-04","2026-02-10","","https://learn-jdm.jd.com/knowledge/rule/detail?ruleId=1336249167389634560","data\jd_rules\json\1336249167389634560_关于修订《京东开放平台个人个体合规管理规则》的公示通知.json","data\jd_rules\markdown\1336249167389634560_关于修订《京东开放平台个人个体合规管理规则》的公示通知.md"
"1338687221000028160","personal_individual","京东开放平台个人/个体店宠物生活和宠物健康品类招商激励政策（2026.2.01-2026.4.30）","京东开放平台个人/个体店宠物生活和宠物健康品类招商激励政策（2026.2.01-2026.4.30）","2026-02-11","2026-03-30","2026-01-31","","https://learn-jdm.jd.com/knowledge/rule/detail?ruleId=1338687221000028160","data\jd_rules\json\1338687221000028160_京东开放平台个人_个体店宠物生活和宠物健康品类招商激励政策（2026.2.01-2026.4.30）.json","data\jd_rules\markdown\1338687221000028160_京东开放平台个人_个体店宠物生活和宠物健康品类招商激励政策（2026.2.01-2026.4.30）.md"
"1344592744438284288","personal_individual","关于修订《京东开放平台个人个体合规管理规则》的公示通知","关于修订《京东开放平台个人个体合规管理规则》的公示通知","2026-02-27","2026-02-27","2026-03-13","","https://learn-jdm.jd.com/knowledge/rule/detail?ruleId=1344592744438284288","data\jd_rules\json\1344592744438284288_关于修订《京东开放平台个人个体合规管理规则》的公示通知.json","data\jd_rules\markdown\1344592744438284288_关于修订《京东开放平台个人个体合规管理规则》的公示通知.md"
"1346676341082533888","personal_individual","京东时尚相关类目个人/个体店铺招商激励政策（2026.3.1-2026.5.31）","京东时尚相关类目个人/个体店铺招商激励政策（2026.3.1-2026.5.31）","2026-03-05","2026-03-30","2026-02-28","","https://learn-jdm.jd.com/knowledge/rule/detail?ruleId=1346676341082533888","data\jd_rules\json\1346676341082533888_京东时尚相关类目个人_个体店铺招商激励政策（2026.3.1-2026.5.31）.json","data\jd_rules\markdown\1346676341082533888_京东时尚相关类目个人_个体店铺招商激励政策（2026.3.1-2026.5.31）.md"
"1346683474834862080","personal_individual","京东开放平台个人/个体店营养保健和传统滋补品类销售激励政策（2026.3.1-2026.6.30）","京东开放平台个人/个体店营养保健和传统滋补品类销售激励政策（2026.3.1-2026.6.30）","2026-03-05","2026-03-30","2026-02-28","","https://learn-jdm.jd.com/knowledge/rule/detail?ruleId=1346683474834862080","data\jd_rules\json\1346683474834862080_京东开放平台个人_个体店营养保健和传统滋补品类销售激励政策（2026.3.1-2026.6.30）.json","data\jd_rules\markdown\1346683474834862080_京东开放平台个人_个体店营养保健和传统滋补品类销售激励政策（2026.3.1-2026.6.30）.md"
"1346684232984670208","personal_individual","京东开放平台个人/个体店营养保健和传统滋补品类招商激励政策（2026.3.01-2026.6.30）","京东开放平台个人/个体店营养保健和传统滋补品类招商激励政策（2026.3.01-2026.6.30）","2026-03-05","2026-03-30","2026-02-28","","https://learn-jdm.jd.com/knowledge/rule/detail?ruleId=1346684232984670208","data\jd_rules\json\1346684232984670208_京东开放平台个人_个体店营养保健和传统滋补品类招商激励政策（2026.3.01-2026.6.30）.json","data\jd_rules\markdown\1346684232984670208_京东开放平台个人_个体店营养保健和传统滋补品类招商激励政策（2026.3.01-2026.6.30）.md"
"1348554469132316672","personal_individual","京东开放平台个人/个体店汽车用品类销售激励政策（2026.03.15-2026.06.30）","京东开放平台个人/个体店汽车用品类销售激励政策（2026.03.15-2026.06.30）","2026-03-10","2026-04-24","2026-03-14","","https://learn-jdm.jd.com/knowledge/rule/detail?ruleId=1348554469132316672","data\jd_rules\json\1348554469132316672_京东开放平台个人_个体店汽车用品类销售激励政策（2026.03.15-2026.06.30）.json","data\jd_rules\markdown\1348554469132316672_京东开放平台个人_个体店汽车用品类销售激励政策（2026.03.15-2026.06.30）.md"
"1349650785204420608","personal_individual","关于修订《京东开放平台个人/个体店铺星级规则》的公示通知","关于修订《京东开放平台个人/个体店铺星级规则》的公示通知","2026-03-13","2026-03-13","2026-03-19","","https://learn-jdm.jd.com/knowledge/rule/detail?ruleId=1349650785204420608","data\jd_rules\json\1349650785204420608_关于修订《京东开放平台个人_个体店铺星级规则》的公示通知.json","data\jd_rules\markdown\1349650785204420608_关于修订《京东开放平台个人_个体店铺星级规则》的公示通知.md"
"1354422683511537664","personal_individual","关于修订《京东开放平台个人/个体开店管理规则》的公示通知","关于修订《京东开放平台个人/个体开店管理规则》的公示通知","2026-03-26","2026-03-26","2026-04-01","","https://learn-jdm.jd.com/knowledge/rule/detail?ruleId=1354422683511537664","data\jd_rules\json\1354422683511537664_关于修订《京东开放平台个人_个体开店管理规则》的公示通知.json","data\jd_rules\markdown\1354422683511537664_关于修订《京东开放平台个人_个体开店管理规则》的公示通知.md"
"1356169672091746304","personal_individual","关于修订《京东开放平台个人/个体交易管理规则》的公示通知","关于修订《京东开放平台个人/个体交易管理规则》的公示通知","2026-03-31","2026-04-27","2026-04-26","","https://learn-jdm.jd.com/knowledge/rule/detail?ruleId=1356169672091746304","data\jd_rules\json\1356169672091746304_关于修订《京东开放平台个人_个体交易管理规则》的公示通知.json","data\jd_rules\markdown\1356169672091746304_关于修订《京东开放平台个人_个体交易管理规则》的公示通知.md"
"1356218447090925568","personal_individual","京东开放平台个人/个体店手机品类招商激励政策（2026.4.1-2026.6.30）","京东开放平台个人/个体店手机品类招商激励政策（2026.4.1-2026.6.30）","2026-03-31","2026-03-31","2026-03-31","","https://learn-jdm.jd.com/knowledge/rule/detail?ruleId=1356218447090925568","data\jd_rules\json\1356218447090925568_京东开放平台个人_个体店手机品类招商激励政策（2026.4.1-2026.6.30）.json","data\jd_rules\markdown\1356218447090925568_京东开放平台个人_个体店手机品类招商激励政策（2026.4.1-2026.6.30）.md"
"1356521503699218432","personal_individual","关于修订《京东开放平台个人/个体合规管理规则》的公示通知","关于修订《京东开放平台个人/个体合规管理规则》的公示通知","2026-04-01","2026-04-02","2026-04-07","","https://learn-jdm.jd.com/knowledge/rule/detail?ruleId=1356521503699218432","data\jd_rules\json\1356521503699218432_关于修订《京东开放平台个人_个体合规管理规则》的公示通知.json","data\jd_rules\markdown\1356521503699218432_关于修订《京东开放平台个人_个体合规管理规则》的公示通知.md"
"1356552885649784832","personal_individual","京东开放平台个人/个体店手机品类销售激励政策（2026.4.1-2026.6.30）","京东开放平台个人/个体店手机品类销售激励政策（2026.4.1-2026.6.30）","2026-04-01","2026-06-15","2026-03-31","","https://learn-jdm.jd.com/knowledge/rule/detail?ruleId=1356552885649784832","data\jd_rules\json\1356552885649784832_京东开放平台个人_个体店手机品类销售激励政策（2026.4.1-2026.6.30）.json","data\jd_rules\markdown\1356552885649784832_京东开放平台个人_个体店手机品类销售激励政策（2026.4.1-2026.6.30）.md"
"1357188441834504192","personal_individual","京东开放平台个人/个体店厨房小电品类销售激励政策（2026.04.01-2026.06.30）","京东开放平台个人/个体店厨房小电品类销售激励政策（2026.04.01-2026.06.30）","2026-04-03","2026-06-15","2026-03-31","","https://learn-jdm.jd.com/knowledge/rule/detail?ruleId=1357188441834504192","data\jd_rules\json\1357188441834504192_京东开放平台个人_个体店厨房小电品类销售激励政策（2026.04.01-2026.06.30）.json","data\jd_rules\markdown\1357188441834504192_京东开放平台个人_个体店厨房小电品类销售激励政策（2026.04.01-2026.06.30）.md"
"1357239876413927424","personal_individual","京东开放平台个人/个体店智能数码老商激励政策（2026.4.1-2026.6.30）","京东开放平台个人/个体店智能数码老商激励政策（2026.4.1-2026.6.30）","2026-04-03","2026-04-03","2026-03-31","","https://learn-jdm.jd.com/knowledge/rule/detail?ruleId=1357239876413927424","data\jd_rules\json\1357239876413927424_京东开放平台个人_个体店智能数码老商激励政策（2026.4.1-2026.6.30）.json","data\jd_rules\markdown\1357239876413927424_京东开放平台个人_个体店智能数码老商激励政策（2026.4.1-2026.6.30）.md"
"1357240722296385536","personal_individual","京东开放平台个人/个体店智能数码招商激励政策（2026.4.1-2026.6.30）","京东开放平台个人/个体店智能数码招商激励政策（2026.4.1-2026.6.30）","2026-04-03","2026-04-03","2026-03-31","","https://learn-jdm.jd.com/knowledge/rule/detail?ruleId=1357240722296385536","data\jd_rules\json\1357240722296385536_京东开放平台个人_个体店智能数码招商激励政策（2026.4.1-2026.6.30）.json","data\jd_rules\markdown\1357240722296385536_京东开放平台个人_个体店智能数码招商激励政策（2026.4.1-2026.6.30）.md"
"1358733517322432512","personal_individual","京东开放平台个人/个体店铺电脑办公类目招商激励政策（2026.4.1-2026.6.30）","京东开放平台个人/个体店铺电脑办公类目招商激励政策（2026.4.1-2026.6.30）","2026-04-07","2026-04-07","2026-03-31","","https://learn-jdm.jd.com/knowledge/rule/detail?ruleId=1358733517322432512","data\jd_rules\json\1358733517322432512_京东开放平台个人_个体店铺电脑办公类目招商激励政策（2026.4.1-2026.6.30）.json","data\jd_rules\markdown\1358733517322432512_京东开放平台个人_个体店铺电脑办公类目招商激励政策（2026.4.1-2026.6.30）.md"
"1359716535046750208","personal_individual","京东开放平台个人/个体店影音影像品类招商激励政策（2026.4.1-2026.6.30）","京东开放平台个人/个体店影音影像品类招商激励政策（2026.4.1-2026.6.30）","2026-04-10","2026-04-10","2026-03-31","","https://learn-jdm.jd.com/knowledge/rule/detail?ruleId=1359716535046750208","data\jd_rules\json\1359716535046750208_京东开放平台个人_个体店影音影像品类招商激励政策（2026.4.1-2026.6.30）.json","data\jd_rules\markdown\1359716535046750208_京东开放平台个人_个体店影音影像品类招商激励政策（2026.4.1-2026.6.30）.md"
"1364438878934904832","personal_individual","关于修订《京东开放平台个人/个体店铺资费规则》的公示通知 ","关于修订《京东开放平台个人/个体店铺资费规则》的公示通知 ","2026-04-23","2026-04-23","2026-05-07","","https://learn-jdm.jd.com/knowledge/rule/detail?ruleId=1364438878934904832","data\jd_rules\json\1364438878934904832_关于修订《京东开放平台个人_个体店铺资费规则》的公示通知.json","data\jd_rules\markdown\1364438878934904832_关于修订《京东开放平台个人_个体店铺资费规则》的公示通知.md"
"1364504764819943424","personal_individual","京东开放平台个人/个体店铺二轮车配类目销售激励政策（2026.5.1-2026.7.31）","京东开放平台个人/个体店铺二轮车配类目销售激励政策（2026.5.1-2026.7.31）","2026-04-23","2026-04-23","2026-04-30","","https://learn-jdm.jd.com/knowledge/rule/detail?ruleId=1364504764819943424","data\jd_rules\json\1364504764819943424_京东开放平台个人_个体店铺二轮车配类目销售激励政策（2026.5.1-2026.7.31）.json","data\jd_rules\markdown\1364504764819943424_京东开放平台个人_个体店铺二轮车配类目销售激励政策（2026.5.1-2026.7.31）.md"
"1364872839788474368","personal_individual","关于修订《京东开放平台个人/个体交易管理规则》的公示通知","关于修订《京东开放平台个人/个体交易管理规则》的公示通知","2026-04-24","2026-04-24","2026-05-06","","https://learn-jdm.jd.com/knowledge/rule/detail?ruleId=1364872839788474368","data\jd_rules\json\1364872839788474368_关于修订《京东开放平台个人_个体交易管理规则》的公示通知.json","data\jd_rules\markdown\1364872839788474368_关于修订《京东开放平台个人_个体交易管理规则》的公示通知.md"
"1367072732787752960","personal_individual","文教文化用品、图书、教育培训类目个人/个体店铺618大促销售激励政策（2026.5.1-2026.5.31）","文教文化用品、图书、教育培训类目个人/个体店铺618大促销售激励政策（2026.5.1-2026.5.31）","2026-04-30","2026-04-30","2026-04-30","","https://learn-jdm.jd.com/knowledge/rule/detail?ruleId=1367072732787752960","data\jd_rules\json\1367072732787752960_文教文化用品、图书、教育培训类目个人_个体店铺618大促销售激励政策（2026.5.1-2026.5.31）.json","data\jd_rules\markdown\1367072732787752960_文教文化用品、图书、教育培训类目个人_个体店铺618大促销售激励政策（2026.5.1-2026.5.31）.md"
"1369258470929051648","personal_individual","京东开放平台个人/个体店数码、电脑办公品类招商激励政策（2026.04.01-2026.6.30）","京东开放平台个人/个体店数码、电脑办公品类招商激励政策（2026.04.01-2026.6.30）","2026-05-06","2026-05-06","2026-05-05","","https://learn-jdm.jd.com/knowledge/rule/detail?ruleId=1369258470929051648","data\jd_rules\json\1369258470929051648_京东开放平台个人_个体店数码、电脑办公品类招商激励政策（2026.04.01-2026.6.30）.json","data\jd_rules\markdown\1369258470929051648_京东开放平台个人_个体店数码、电脑办公品类招商激励政策（2026.04.01-2026.6.30）.md"
"1370342083999547392","personal_individual","关于新增京东政企POP个人个体店入驻资费规则公示通知","关于新增京东政企POP商家入驻资费规则公示通知","2026-05-09","2026-05-09","2026-05-21","","https://learn-jdm.jd.com/knowledge/rule/detail?ruleId=1370342083999547392","data\jd_rules\json\1370342083999547392_关于新增京东政企POP个人个体店入驻资费规则公示通知.json","data\jd_rules\markdown\1370342083999547392_关于新增京东政企POP个人个体店入驻资费规则公示通知.md"
"1371401935867588608","personal_individual","京东开放平台个人/个体店个护健康品类销售激励政策（2026.05.01-2026.06.30）","京东开放平台个人/个体店个护健康品类销售激励政策（2026.05.01-2026.06.30）","2026-05-12","2026-06-15","2026-05-11","","https://learn-jdm.jd.com/knowledge/rule/detail?ruleId=1371401935867588608","data\jd_rules\json\1371401935867588608_京东开放平台个人_个体店个护健康品类销售激励政策（2026.05.01-2026.06.30）.json","data\jd_rules\markdown\1371401935867588608_京东开放平台个人_个体店个护健康品类销售激励政策（2026.05.01-2026.06.30）.md"
"1371671902013861888","personal_individual","关于修订《京东开放平台个人/个体经营类目商品阈值明细表》的公示通知","京东开放平台个人/个体经营类目商品阈值明细表","2026-05-13","2026-05-13","2026-05-19","","https://learn-jdm.jd.com/knowledge/rule/detail?ruleId=1371671902013861888","data\jd_rules\json\1371671902013861888_关于修订《京东开放平台个人_个体经营类目商品阈值明细表》的公示通知.json","data\jd_rules\markdown\1371671902013861888_关于修订《京东开放平台个人_个体经营类目商品阈值明细表》的公示通知.md"
"1372509588609675264","personal_individual","关于修订《京东开放平台个人/个体开店管理规则》的公示通知","关于修订《京东开放平台个人/个体开店管理规则》的公示通知","2026-05-15","2026-05-15","2026-05-21","","https://learn-jdm.jd.com/knowledge/rule/detail?ruleId=1372509588609675264","data\jd_rules\json\1372509588609675264_关于修订《京东开放平台个人_个体开店管理规则》的公示通知.json","data\jd_rules\markdown\1372509588609675264_关于修订《京东开放平台个人_个体开店管理规则》的公示通知.md"
"1373934191371075584","personal_individual","京东开放平台个人/个体店影音影像品类销售激励政策（2026.05.01-2026.06.30）","京东开放平台个人/个体店影音影像品类销售激励政策（2026.05.01-2026.06.30）","2026-05-19","2026-06-15","2026-05-18","","https://learn-jdm.jd.com/knowledge/rule/detail?ruleId=1373934191371075584","data\jd_rules\json\1373934191371075584_京东开放平台个人_个体店影音影像品类销售激励政策（2026.05.01-2026.06.30）.json","data\jd_rules\markdown\1373934191371075584_京东开放平台个人_个体店影音影像品类销售激励政策（2026.05.01-2026.06.30）.md"
"1373935289712226304","personal_individual","京东开放平台个人/个体店宠物生活和宠物健康品类销售激励政策（2026.5.01-2026.6.30）","京东开放平台个人/个体店宠物生活和宠物健康品类销售激励政策（2026.5.01-2026.6.30）","2026-05-19","2026-05-19","2026-05-18","","https://learn-jdm.jd.com/knowledge/rule/detail?ruleId=1373935289712226304","data\jd_rules\json\1373935289712226304_京东开放平台个人_个体店宠物生活和宠物健康品类销售激励政策（2026.5.01-2026.6.30）.json","data\jd_rules\markdown\1373935289712226304_京东开放平台个人_个体店宠物生活和宠物健康品类销售激励政策（2026.5.01-2026.6.30）.md"
"1381588851120386048","personal_individual","京东服饰相关类目个人/个体店铺招商激励政策（2026.6.1-2026.6.30）","京东服饰相关类目个人/个体店铺招商激励政策（2026.6.1-2026.6.30）","2026-06-09","2026-06-16","2026-06-08","","https://learn-jdm.jd.com/knowledge/rule/detail?ruleId=1381588851120386048","data\jd_rules\json\1381588851120386048_京东服饰相关类目个人_个体店铺招商激励政策（2026.6.1-2026.6.30）.json","data\jd_rules\markdown\1381588851120386048_京东服饰相关类目个人_个体店铺招商激励政策（2026.6.1-2026.6.30）.md"
"1383626973798313984","personal_individual","关于修订《京东开放平台个人/个体合规管理规则》的公示通知","关于修订《京东开放平台个人/个体合规管理规则》的公示通知","2026-06-15","2026-06-17","2026-06-21","","https://learn-jdm.jd.com/knowledge/rule/detail?ruleId=1383626973798313984","data\jd_rules\json\1383626973798313984_关于修订《京东开放平台个人_个体合规管理规则》的公示通知.json","data\jd_rules\markdown\1383626973798313984_关于修订《京东开放平台个人_个体合规管理规则》的公示通知.md"
"915118822988582912","personal_individual","京东开放平台个人/个体开店管理规则","京东开放平台个人/个体开店管理规则","2022-11-30","2026-05-22","2026-05-21","","https://learn-jdm.jd.com/knowledge/rule/detail?ruleId=915118822988582912","data\jd_rules\json\915118822988582912_京东开放平台个人_个体开店管理规则.json","data\jd_rules\markdown\915118822988582912_京东开放平台个人_个体开店管理规则.md"
"923540006109319168","personal_individual","京东开放平台个人/个体合规管理规则","京东开放平台个人/个体合规管理规则","2022-12-23","2026-06-08","2026-04-07","","https://learn-jdm.jd.com/knowledge/rule/detail?ruleId=923540006109319168","data\jd_rules\json\923540006109319168_京东开放平台个人_个体合规管理规则.json","data\jd_rules\markdown\923540006109319168_京东开放平台个人_个体合规管理规则.md"
