category,file,title,original_chars,cleaned_chars,original_lines,cleaned_lines,removed_toc_links,removed_pipe_lines
企业,1011532864321359872_京东开放平台商业空间类目商品商家考核规则.md,京东开放平台商业空间类目商品商家考核规则,3836,3655,164,95,0,68
企业,1051386092487577600_京东开放平台过期退_随时退服务规则.md,京东开放平台过期退/随时退服务规则,1428,1412,28,27,0,0
企业,1053951817668497408_2024年京东开放平台换签续费公告.md,2024年京东开放平台换签续费公告,907,886,24,23,0,0
企业,1065472910879232000_京东开放平台家用含钛锅具品质认证质量标准.md,京东开放平台家用含钛锅具品质认证质量标准,5106,4807,424,298,0,125
企业,1076394019191394304_京东开放平台质保期服务规则.md,京东开放平台质保期服务规则,28200,24573,3144,1383,0,1760
企业,1079642425309401088_京东开放平台健康类商品品质抽检规范.md,京东开放平台健康类商品品质抽检规范,3281,3244,74,73,0,0
企业,1082222368681758720_京东好燕窝-常温鲜炖燕窝品质认证质量标准.md,京东好燕窝-常温鲜炖燕窝品质认证质量标准,3726,3522,199,145,0,53
企业,1082959259773308928_京东好燕窝-屋燕净燕盏品质认证质量标准.md,京东好燕窝-屋燕净燕盏品质认证质量标准,5831,5536,385,261,0,123
企业,1092693622501019648_【修订】京东企业业务生鲜品类商品管理规则.md,【修订】京东企业业务生鲜品类商品管理规则,404,394,9,8,0,0
企业,1095524940557455360_京东开放平台免费上门退换服务规则.md,京东开放平台免费上门退换服务规则,2913,2795,77,56,0,20
企业,1098551823758921728_【修订】京东开放平台发布或推送第三方信息细则.md,【修订】京东开放平台发布或推送第三方信息细则,1341,1328,29,28,0,0
企业,1100383422465052672_【修订】京东开放平台商家套利细则.md,【修订】京东开放平台商家套利细则,1124,1107,24,21,0,2
企业,1100391236386295808_【修订】京东开放平台个人_个体合规管理规则.md,【修订】京东开放平台个人/个体合规管理规则,2409,2348,61,56,0,4
企业,1102569999870070784_京东开放平台海鲜水产类商品品质抽检规范.md,京东开放平台海鲜水产类商品品质抽检规范,7231,6808,222,137,0,65
企业,1122441065891237888_【修订】京东开放平台退店规则.md,【修订】京东开放平台退店规则,589,570,9,8,0,0
企业,1140568240272052224_京东好钙品质认证质量标准.md,京东好钙品质认证质量标准,6273,5858,398,264,0,132
企业,1140841537622642688_京东好益生菌-儿童益生菌品质认证质量标准.md,京东好益生菌-儿童益生菌品质认证质量标准,15137,14729,646,451,0,194
企业,1140846691461763072_京东好营养-蛋白粉品质认证质量标准.md,京东好营养-蛋白粉品质认证质量标准,3913,3784,168,112,0,55
企业,1140854773935902720_京东好乳酸菌-即食乳酸菌品质认证质量标准.md,京东好乳酸菌-即食乳酸菌品质认证质量标准,15220,14810,647,452,0,194
企业,1147722726895652864_京东开放平台店铺星级规则.md,京东开放平台店铺星级规则,4287,3937,257,142,0,114
企业,1155374826295267328_京东开放平台一物一检合规管理规则.md,京东开放平台一物一检合规管理规则,3426,3261,154,99,0,54
企业,1168435762375561216_京东开放平台车厘子_樱桃商品管理规则.md,京东开放平台车厘子/樱桃商品管理规则,7247,6887,324,233,0,90
企业,1177074635410378752_关于时尚类目商品、商家质量问题管控的公告.md,关于时尚类目商品、商家质量问题管控的公告,937,822,87,45,0,41
企业,1179609466656657408_2024年11月质量抽检不合格违规公示.md,2024年11月质量抽检不合格违规公示,5092,3817,1070,433,0,636
企业,1182303698408312832_价格合规公告.md,价格合规公告,479,478,11,10,0,0
企业,1188776206976290816_京东开放平台好原浆品质认证质量标准.md,京东开放平台好原浆品质认证质量标准,11703,10553,1023,515,0,507
企业,1189752107549462528_京东平台各类目的保证金质保期标准.md,京东平台各类目的保证金质保期标准,10257,6782,3125,1397,0,1727
企业,1190896203588571136_京东开放平台货源平台供应商发货管理规则.md,京东开放平台货源平台供应商发货管理规则,4855,4670,146,110,0,35
企业,1193744598569193472_京东规则动态一览（2024年12月30日-2025年1月3日）.md,京东规则动态一览（2024年12月30日-2025年1月3日）,1664,1640,26,25,0,0
企业,1198882304039194624_京东规则动态一览（2025年1月13日-2025年1月17日）.md,京东规则动态一览（2025年1月13日-2025年1月17日）,3280,3235,46,45,0,0
企业,1206154529616302080_京东开放平台恶意占库存细则.md,京东开放平台恶意占库存细则,1307,1290,26,25,0,0
企业,1209079877639213056_京东规则动态一览（2025年2月10日-2025年2月14日）.md,京东规则动态一览（2025年2月10日-2025年2月14日）,1906,1786,28,27,0,0
企业,1211216294599331840_京东规则动态一览（2025年2月17日-2025年2月21日）.md,京东规则动态一览（2025年2月17日-2025年2月21日）,3263,3028,147,74,0,72
企业,1212220519173197824_京东开放平台结算周期规则.md,京东开放平台结算周期规则,865,853,23,22,0,0
企业,1214087362099941376_京东规则动态一览（2025年2月24日-2025年2月28日）.md,京东规则动态一览（2025年2月24日-2025年2月28日）,3088,3031,51,50,0,0
企业,1216664781327568896_关于修订《京东开放平台商品价格管理规则》的公示通知.md,关于修订《京东开放平台商品价格管理规则》的公示通知,4630,4564,98,89,0,8
企业,1216670700782358528_关于修订《京东开放平台虚假宣传细则》的公示通知.md,关于修订《京东开放平台虚假宣传细则》的公示通知,3779,3750,92,82,0,9
企业,1216711834170691584_关于修订《京东开放平台商家违规管理总则》、《京东开放平台侵权违规细则》、《京东开放平台发布混淆信息细则》、《京东开放平台发布或推送第三方信息细则》的公示通知.md,关于修订《京东开放平台商家违规管理总则》、《京东开放平台侵权违规细则》、《京东开放平台发布混淆信息细则》、《京东开放平台发布或推送第三方信息细则》的公示通知,2813,2748,68,41,0,26
企业,1219095544761290752_京东规则动态一览（2025年3月10日-2025年3月14日）.md,京东规则动态一览（2025年3月10日-2025年3月14日）,2065,2031,32,31,0,0
企业,1219265844798951424_关于修订《京东开放平台车厘子_樱桃商品管理规则》的公示通知.md,关于修订《京东开放平台车厘子/樱桃商品管理规则》的公示通知,7814,7426,347,248,0,98
企业,1219901545294991360_关于修订《京东开放平台医药类目资质标准》的公示通知.md,关于修订《京东开放平台医药类目资质标准》的公示通知,1994,1918,63,42,0,20
企业,1220206135827632128_关于新增《京东货源平台供货商管理总则》的公示通知.md,关于新增《京东货源平台供货商管理总则》的公示通知,1996,1960,37,36,0,0
企业,1220321897854668800_关于修订《京东开放平台资质不合格细则》的公示通知.md,关于修订《京东开放平台资质不合格细则》的公示通知,4487,4375,122,101,0,20
企业,1221386336603344896_京东规则动态一览（2025年3月17日-2025年3月21日）.md,京东规则动态一览（2025年3月17日-2025年3月21日）,3220,3175,49,48,0,0
企业,1221442385255469056_关于修订《京东开放平台经营类目商品阈值明细表》的公示通知.md,关于修订《京东开放平台经营类目商品阈值明细表》的公示通知,51505,34368,16134,7604,0,8529
企业,1222858019197554688_京东货源平台供货商管理总则.md,京东货源平台供货商管理总则,1862,1826,34,33,0,0
企业,1224174839938551808_京东规则动态一览（2025年3月24日-2025年3月28日）.md,京东规则动态一览（2025年3月24日-2025年3月28日）,3302,3248,51,50,0,0
企业,1224959652081569792_关于修订《京东开放平台咚咚使用管理规则》的公示通知.md,关于修订《京东开放平台咚咚使用管理规则》的公示通知,4205,4164,67,66,0,0
企业,1224977882133172224_关于新增《京东好营养-多种维生素多种矿物质片品质认证质量标准》的公示通知.md,关于新增《京东好营养-多种维生素多种矿物质片品质认证质量标准》的公示通知,22602,21002,1761,1001,0,759
企业,1224987876748562432_关于新增《京东好营养-氨糖品质认证质量标准》的公示通知.md,关于新增《京东好营养-氨糖品质认证质量标准》的公示通知,3958,3795,214,156,0,57
企业,1226351795111071744_关于修订《京东开放平台运动户外类目资质标准》的公示通知.md,关于修订《京东开放平台运动户外类目资质标准》的公示通知,832,785,38,22,0,15
企业,1227489001729036288_京东好营养-多种维生素多种矿物质片品质认证质量标准.md,京东好营养-多种维生素多种矿物质片品质认证质量标准,22477,20885,1758,998,0,759
企业,1227489675619471360_京东好营养-氨糖品质认证质量标准.md,京东好营养-氨糖品质认证质量标准,3824,3656,210,152,0,57
企业,1227797943176794112_关于修订《京东开放平台招商管理规则》的公示通知.md,关于修订《京东开放平台招商管理规则》的公示通知,494,493,14,13,0,0
企业,1227811979650011136_关于修订《_京东开放平台质保期服务规则》的公示通知.md,关于修订《京东开放平台质保期服务规则》的公示通知,29104,25832,2835,1242,0,1592
企业,1229254287192887296_京东规则动态一览（2025年4月7日-2025年4月11日）.md,京东规则动态一览（2025年4月7日-2025年4月11日）,3020,2980,44,43,0,0
企业,1229386673343827968_关于修订《京东开放平台LOC商品管理规则》的公示通知.md,关于修订《京东开放平台LOC商品管理规则》的公示通知,5452,5341,123,94,0,28
企业,1231794531649851392_关于新增《京东开放平台发布违禁商品及信息管理规范-药品实施细则》的公示通知.md,关于新增《京东开放平台发布违禁商品及信息管理规范-药品实施细则》的公示通知,3779,3660,65,64,0,0
企业,1231868020012486656_京东规则动态一览（2025年4月14日-2025年4月18日）.md,京东规则动态一览（2025年4月14日-2025年4月18日）,2977,2934,43,42,0,0
企业,1232321631167320064_关于修订《京东开放平台本地生活-服务类商品管理规则》的公示通知.md,关于修订《京东开放平台本地生活-服务类商品管理规则》的公示通知,6777,6603,98,97,0,0
企业,1234028510125887488_关于新增《京东好营养-牛初乳品质认证质量标准》的公示通知.md,关于新增《京东好营养-牛初乳品质认证质量标准》的公示通知,4569,4319,250,152,0,97
企业,1234044180880297984_关于新增《京东好营养-肽类品质认证质量标准》的公示通知.md,关于新增《京东好营养-肽类品质认证质量标准》的公示通知,4621,4368,283,169,0,113
企业,1234418199919988736_京东开放平台发布违禁商品及信息管理规范-药品实施细则.md,京东开放平台发布违禁商品及信息管理规范-药品实施细则,3492,3368,62,61,0,0
企业,1234785405799370752_关于修订《京东开放平台经营类目商品阈值明细表》的公示通知.md,关于修订《京东开放平台经营类目商品阈值明细表》的公示通知,48279,32228,15130,7127,0,8001
企业,1236630166499889152_京东好营养-肽类品质认证质量标准.md,京东好营养-肽类品质认证质量标准,4487,4234,280,166,0,113
企业,1236630986469543936_京东好营养-牛初乳品质认证质量标准.md,京东好营养-牛初乳品质认证质量标准,4434,4184,247,149,0,97
企业,1237708714396487680_关于修订《京东开放平台本地生活_旅游出行_到家服务_二手回收类目资质标准》的公示通知.md,关于修订《京东开放平台本地生活/旅游出行/到家服务/二手回收类目资质标准》的公示通知,1252,1130,107,64,0,42
企业,1239415449385570304_京东规则动态一览（2025年5月6日-2025年5月9日）.md,京东规则动态一览（2025年5月6日-2025年5月9日）,4271,4222,56,55,0,0
企业,1239485407964565504_关于修订《京东开放平台店铺综合体验分规则》的公示通知.md,关于修订《京东开放平台店铺综合体验分规则》的公示通知,8497,7419,704,356,0,347
企业,1239487186232020992_关于新增《京东开放平台发布违禁商品及信息管理规范-刀枪实施细则》等实施细则的公示通知.md,关于新增《京东开放平台发布违禁商品及信息管理规范-刀枪实施细则》等实施细则的公示通知,22635,21754,447,413,0,33
企业,1239751285499105280_关于修订《京东开放平台商家套利细则》及其相关规则的公示通知.md,关于修订《京东开放平台商家套利细则》及其相关规则的公示通知,1340,1299,42,29,0,12
企业,1241924296490749952_京东开放平台发布违禁商品及信息管理规范-通讯、上网、无线电类设备类实施细则.md,京东开放平台发布违禁商品及信息管理规范-通讯、上网、无线电类设备类实施细则,2100,2047,52,51,0,0
企业,1241928208576811008_京东开放平台发布违禁商品及信息管理规范-限塑实施细则.md,京东开放平台发布违禁商品及信息管理规范-限塑实施细则,1647,1542,86,52,0,33
企业,1241950714268356608_京东规则动态一览（2025年5月12日-2025年5月16日）.md,京东规则动态一览（2025年5月12日-2025年5月16日）,4298,4249,55,54,0,0
企业,1244276657129394176_关于修订《_京东开放平台商品数量资源管理规则》的公示通知.md,关于修订《京东开放平台商品数量资源管理规则》的公示通知,2671,2598,73,60,0,12
企业,1244489656893050880_京东规则动态一览（2025年5月19日-2025年5月23日）.md,京东规则动态一览（2025年5月19日-2025年5月23日）,3986,3941,52,51,0,0
企业,1245701323022798848_关于新增《京东开放平台快消品类卡券行业管理规范》的公示通知.md,关于新增《京东开放平台快消品类卡券行业管理规范》的公示通知,12153,11665,400,297,0,102
企业,1245734564366782464_关于修订《京东开放平台经营类目规则》的公示通知.md,关于修订《京东开放平台经营类目规则》的公示通知,3350,2895,344,145,0,198
企业,1247007402507767808_关于新增《京东开放平台团体定制服装安心品质商品认证标准》的公示通知.md,关于新增《京东开放平台团体定制服装安心品质商品认证标准》的公示通知,19092,16928,2070,1115,0,954
企业,1248226320958230528_京东开放平台快消品类卡券行业管理规范.md,京东开放平台快消品类卡券行业管理规范,11968,11466,395,292,0,102
企业,1249643130328846336_京东开放平台团体定制服装安心品质商品认证标准.md,京东开放平台团体定制服装安心品质商品认证标准,18973,16806,2067,1112,0,954
企业,1249707974193188864_关于修订《_京东开放平台店铺综合体验分规则》的公示通知.md,关于修订《京东开放平台店铺综合体验分规则》的公示通知,6141,5588,428,223,0,204
企业,1254622809850777600_关于新增《京东开放平台非全新商品管理规则》的公示通知.md,关于新增《京东开放平台非全新商品管理规则》的公示通知,2186,2155,42,41,0,0
企业,1255044522015068160_关于修订《京东开放平台商品质量不合格细则》的公示通知.md,关于修订《京东开放平台商品质量不合格细则》的公示通知,3490,3465,63,62,0,0
企业,1255847210776662016_关于修订《_京东开放平台店铺综合体验分规则》的公示通知.md,关于修订《京东开放平台店铺综合体验分规则》的公示通知,641,601,33,20,0,12
企业,1256844990940844032_关于修订《京东开放平台商家套利细则》、《京东开放平台商家违规管理总则》的公示通知.md,关于修订《京东开放平台商家套利细则》、《京东开放平台商家违规管理总则》的公示通知,2152,2105,43,27,0,15
企业,1257164497286729728_京东开放平台非全新商品管理规则.md,京东开放平台非全新商品管理规则,2349,2307,46,45,0,0
企业,1257180121148821504_京东规则动态一览（2025年6月23日-2025年6月27日）.md,京东规则动态一览（2025年6月23日-2025年6月27日）,1281,1258,23,22,0,0
企业,1257185687753592832_关于新增《京东开放平台开票规则》的公示通知.md,关于新增《京东开放平台开票规则》的公示通知,1898,1854,36,35,0,0
企业,1257186485493436416_京东开放平台开票规则.md,京东开放平台开票规则,1753,1709,33,32,0,0
企业,1259334890139291648_关于修订《京东开放平台一物一检合规管理规则》的公示通知.md,关于修订《京东开放平台一物一检合规管理规则》的公示通知,3735,3560,172,112,0,59
企业,1259798898701111296_京东规则动态一览（2025年6月30日-2025年7月4日）.md,京东规则动态一览（2025年6月30日-2025年7月4日）,2148,2112,34,33,0,0
企业,1262232615906316288_京东规则动态一览（2025年7月7日-2025年7月11日）.md,京东规则动态一览（2025年7月7日-2025年7月11日）,2266,2231,34,33,0,0
企业,1262238805629472768_关于修订《京东开放平台发布违禁商品及信息管理规范》的公示通知.md,关于修订《京东开放平台发布违禁商品及信息管理规范》的公示通知,4988,4822,125,124,0,0
企业,1264884584861011968_京东规则动态一览（2025年7月14日-2025年7月18日）.md,京东规则动态一览（2025年7月14日-2025年7月18日）,1939,1907,30,29,0,0
企业,1265210118207836160_关于修订《京东开放平台商品质量不合格细则》的公示通知.md,关于修订《京东开放平台商品质量不合格细则》的公示通知,5461,5379,101,100,0,0
企业,1265575883712892928_男、女装品类POP店铺升降级机制公告.md,男、女装品类POP店铺升降级机制公告,868,867,28,27,0,0
企业,1265615674810699776_关于修订《京东开放平台商家违规管理总则》的公示通知.md,关于修订《京东开放平台商家违规管理总则》的公示通知,844,837,17,16,0,0
企业,1266988283280363520_关于修订《京东开放平台虚假宣传细则》的公示通知.md,关于修订《京东开放平台虚假宣传细则》的公示通知,2291,2267,48,47,0,0
企业,1267001234242539520_关于新增《京东开放平台商品信息与实物不符细则》的公示通知.md,关于新增《京东开放平台商品信息与实物不符细则》的公示通知,2205,2184,57,56,0,0
企业,1267006885610000384_关于新增《京东开放平台商品要素不一致细则》的公示通知.md,关于新增《京东开放平台商品要素不一致细则》的公示通知,1277,1258,33,32,0,0
企业,1267013193566392320_关于新增《京东开放平台商品发布规避信息细则》的公示通知.md,关于新增《京东开放平台商品发布规避信息细则》的公示通知,1733,1706,44,43,0,0
企业,1267019213583814656_关于新增《京东开放平台冒用京东官方名义细则》的公示通知.md,关于新增《京东开放平台冒用京东官方名义细则》的公示通知,1223,1204,32,31,0,0
企业,1267021138538663936_关于新增《京东开放平台不当使用关键词细则》的公示通知.md,关于新增《京东开放平台不当使用关键词细则》的公示通知,1937,1918,43,42,0,0
企业,1267058795402629120_关于修订《京东开放平台商家违规管理总则》的公示通知.md,关于修订《京东开放平台商家违规管理总则》的公示通知,1891,1876,30,29,0,0
企业,1267061947686326272_关于修订《京东开放平台侵权违规细则》的公示通知.md,关于修订《京东开放平台侵权违规细则》的公示通知,1497,1490,28,27,0,0
企业,1268085269320568832_京东开放平台商品信息与实物不符细则.md,京东开放平台商品信息与实物不符细则,3027,2827,175,97,0,77
企业,1268089757632696320_京东开放平台商品要素不一致细则.md,京东开放平台商品要素不一致细则,2076,1940,119,71,0,47
企业,1268109986509230080_京东开放平台商品发布规避信息细则.md,京东开放平台商品发布规避信息细则,2344,2210,119,74,0,44
企业,1268110865350135808_京东开放平台冒用京东官方名义细则.md,京东开放平台冒用京东官方名义细则,1661,1568,89,56,0,32
企业,1268118397758083072_京东开放平台不当使用关键词细则.md,京东开放平台不当使用关键词细则,2552,2418,115,70,0,44
企业,1270253475481128960_冷柜、商用电器品类POP店铺升降级机制公告.md,冷柜、商用电器品类POP店铺升降级机制公告,816,815,26,25,0,0
企业,1272066989803835392_关于修订《京东开放平台商家保证金管理规则》的公示通知.md,关于修订《京东开放平台商家保证金管理规则》的公示通知,2056,1943,75,39,0,35
企业,1272537988114550784_关于修订《京东开放平台店铺命名规则》的公示通知.md,关于修订《京东开放平台店铺命名规则》的公示通知,8795,8583,207,194,0,12
企业,1272852705735479296_关于修订《京东开放平台商品价格管理规则》的公示通知.md,关于修订《京东开放平台商品价格管理规则》的公示通知,1425,1394,46,37,0,8
企业,1275010298591449088_京东规则动态一览（2025年8月11日-2025年8月15日）.md,京东规则动态一览（2025年8月11日-2025年8月15日）,2245,2154,33,32,0,0
企业,1276055816654426112_关于修订《京东开放平台恶意占库存细则》的公示通知.md,关于修订《京东开放平台恶意占库存细则》的公示通知,1597,1502,28,27,0,0
企业,1277601366335950848_京东规则动态一览（2025年8月18日-2025年8月22日）.md,京东规则动态一览（2025年8月18日-2025年8月22日）,2262,2167,31,30,0,0
企业,1277871649529663488_关于修订《京东开放平台店铺星级规则》的公示通知.md,关于修订《京东开放平台店铺星级规则》的公示通知,7130,6504,479,250,0,228
企业,1277882889874313216_京东开放平台发布违禁商品及信息管理规范-侵犯他人及企业隐私、信息安全类实施细则.md,京东开放平台发布违禁商品及信息管理规范-侵犯他人及企业隐私、信息安全类实施细则,2138,2090,43,42,0,0
企业,1277916270674710528_关于新增《京东开放平台发布违禁商品及信息管理规范》具体实施细则的公示通知.md,关于新增《京东开放平台发布违禁商品及信息管理规范》具体实施细则的公示通知,1055,1042,17,16,0,0
企业,1277954684530855936_关于修订《京东开放平台发布违禁商品及信息管理规范》及部分实施细则的公示通知.md,关于修订《京东开放平台发布违禁商品及信息管理规范》及部分实施细则的公示通知,11605,11163,235,234,0,0
企业,1280000031730044928_关于修订《京东开放平台非全新商品管理规则》的公示通知.md,关于修订《京东开放平台非全新商品管理规则》的公示通知,2423,2378,52,51,0,0
企业,1280069295098957824_关于修订《京东开放平台不当发布商品或信息细则》的公示通知.md,关于修订《京东开放平台不当发布商品或信息细则》的公示通知,2375,2335,38,37,0,0
企业,1280355946924740608_京东开放平台五星店铺规则.md,京东开放平台五星店铺规则,2573,2308,209,106,0,102
企业,1280846900215549952_关于修订《京东开放平台出售假冒商品细则》的公示通知.md,关于修订《京东开放平台出售假冒商品细则》的公示通知,4370,4293,79,78,0,0
企业,1280852326801870848_关于新增《京东开放平台假冒品牌细则》及废止《京东开放平台品牌欺诈细则》的公示通知.md,关于新增《京东开放平台假冒品牌细则》及废止《京东开放平台品牌欺诈细则》的公示通知,2156,2141,30,29,0,0
企业,1280860341454114816_关于修订《京东开放平台发布混淆信息细则》的公示通知.md,关于修订《京东开放平台发布混淆信息细则》的公示通知,2023,1980,46,45,0,0
企业,1280869757876310016_关于修订《京东开放平台商家违规管理总则》的公示通知.md,关于修订《京东开放平台商家违规管理总则》的公示通知,1027,1001,23,22,0,0
企业,1282637201976463360_京东规则动态一览（2025年9月1日-2025年9月5日）.md,京东规则动态一览（2025年9月1日-2025年9月5日）,3303,3249,46,45,0,0
企业,1282939393795035136_京东开放平台假冒品牌细则.md,京东开放平台假冒品牌细则,1973,1940,40,39,0,0
企业,1284748071690964992_关于新增《涉及欺诈、作弊、赌博等非法所得及非法用途类实施细则》的公示通知.md,关于新增《涉及欺诈、作弊、赌博等非法所得及非法用途类实施细则》的公示通知,3364,3275,74,73,0,0
企业,1284795317920862208_关于新增《违反国家行政法规禁止销售的商品及服务实施细则》的公示通知.md,关于新增《违反国家行政法规禁止销售的商品及服务实施细则》的公示通知,2166,2111,46,45,0,0
企业,1284827650648576000_关于修订《京东开放平台商家服务管理规则》的公示通知.md,关于修订《京东开放平台商家服务管理规则》的公示通知,9102,8692,198,155,0,42
企业,1284830797156716544_“京东JD.COM”开放平台在线服务协议.md,“京东JD.COM”开放平台在线服务协议,32795,32332,330,329,0,0
企业,1284852042271166464_关于修订《京东开放平台招商管理规则》及其关联规则的公示通知.md,关于修订《京东开放平台招商管理规则》及其关联规则的公示通知,667,634,29,19,0,9
企业,1285160940018470912_京东规则动态一览（2025年9月8日-2025年9月12日）.md,京东规则动态一览（2025年9月8日-2025年9月12日）,2401,2363,36,35,0,0
企业,1285469207579987968_关于修订大闸蟹商品管理、赔付管理及兑换无忧服务规则的公示.md,关于修订大闸蟹商品管理、赔付管理及兑换无忧服务规则的公示,3388,3231,138,70,0,67
企业,1285485775084982272_关于新增《京东开放平台不符合类目发品规则》的公示通知.md,关于新增《京东开放平台不符合类目发品规则》的公示通知,2983,2947,39,38,0,0
企业,1285500712792494080_关于新增《京东开放平台发布禁限售品牌管理细则》的公示通知.md,关于新增《京东开放平台发布禁限售品牌管理细则》的公示通知,1542,1499,36,35,0,0
企业,1285565584804810752_关于修订《京东开放平台发布违规宣传信息细则》的公示通知.md,关于修订《京东开放平台发布违规宣传信息细则》的公示通知,2460,2438,55,54,0,0
企业,1285935245740347392_关于修订《京东开放平台商家违规管理总则》的公示通知.md,关于修订《京东开放平台商家违规管理总则》的公示通知,12636,12505,137,136,0,0
企业,1287284840261095424_京东开放平台不符合类目发品规则.md,京东开放平台不符合类目发品规则,2641,2616,32,31,0,0
企业,1287286273668681728_京东开放平台发布禁限售品牌管理细则.md,京东开放平台发布禁限售品牌管理细则,1342,1310,31,30,0,0
企业,1287356202036105216_涉及欺诈、作弊、赌博等非法所得及非法用途类实施细则.md,涉及欺诈、作弊、赌博等非法所得及非法用途类实施细则,3125,3046,69,68,0,0
企业,1287356754237198336_违反国家行政法规禁止销售的商品及服务实施细则.md,违反国家行政法规禁止销售的商品及服务实施细则,1917,1872,41,40,0,0
企业,1287371769056989184_关于修订《京东开放平台五星店铺规则》的公示通知.md,关于修订《京东开放平台五星店铺规则》的公示通知,3605,3295,253,130,0,122
企业,1287697712090845184_京东规则动态一览（2025年9月15日-2025年9月19日）.md,京东规则动态一览（2025年9月15日-2025年9月19日）,2647,2606,39,38,0,0
企业,1288478539486871552_关于修订《京东开放平台商品类目管理规范》的公示通知.md,关于修订《京东开放平台商品类目管理规范》的公示通知,3538,3093,337,147,0,189
企业,1288761542125641728_关于修订《京东开放平台医药和医疗保健类商品管理规则》的公示通知.md,关于修订《京东开放平台医药和医疗保健类商品管理规则》的公示通知,6435,6168,189,116,0,72
企业,1290222909587562496_京东规则动态一览（2025年9月22日-2025年9月26日）.md,京东规则动态一览（2025年9月22日-2025年9月26日）,3368,3317,44,43,0,0
企业,1295324199100104704_京东规则动态一览（2025年9月29日-2025年10月11日）.md,京东规则动态一览（2025年9月29日-2025年10月11日）,1935,1859,27,25,0,0
企业,1295590753419149312_关于新增《京东开放平台安心驼奶粉品质认证标准》的公示通知.md,关于新增《京东开放平台安心驼奶粉品质认证标准》的公示通知,2591,2558,51,50,0,0
企业,1297820067191742464_关于修订《京东开放平台教育培训类目资质标准》的公示通知.md,关于修订《京东开放平台教育培训类目资质标准》的公示通知,2060,1950,79,44,0,34
企业,1297863098808819712_京东规则动态一览（2025年10月13日-2025年10月17日）.md,京东规则动态一览（2025年10月13日-2025年10月17日）,1365,1308,25,24,0,0
企业,1298123964649136128_京东开放平台安心驼奶粉品质认证标准.md,京东开放平台安心驼奶粉品质认证标准,2386,2353,46,45,0,0
企业,1298581020731875328_京东开放平台商品标题管理规则.md,京东开放平台商品标题管理规则,2849,2820,61,60,0,0
企业,1298594177328963584_京东开放平台驱蚊商品信息合规规范.md,京东开放平台驱蚊商品信息合规规范,1539,1524,30,29,0,0
企业,1298596655684476928_京东开放平台消毒产品商品信息合规规范.md,京东开放平台消毒产品商品信息合规规范,2128,2113,48,47,0,0
企业,1298597177393045504_京东开放平台处方药信息合规规范.md,京东开放平台处方药信息合规规范,1396,1384,39,38,0,0
企业,1298597605799190528_京东开放平台OTC药品信息合规规范.md,京东开放平台OTC药品信息合规规范,1865,1853,44,43,0,0
企业,1298598809786736640_关于京东开放平台男女装商家在bilibili平台的渠道扣点减免政策公示.md,关于京东开放平台男女装商家在bilibili平台的渠道扣点减免政策公示,9532,7011,2257,1033,0,1223
企业,1298602320117121024_京东开放平台商品水效标识展示信息合规规范.md,京东开放平台商品水效标识展示信息合规规范,1418,1393,41,40,0,0
企业,1298603109036343296_京东开放平台农药商品信息合规规范.md,京东开放平台农药商品信息合规规范,2383,2318,55,54,0,0
企业,1298879361067884544_关于类目资费标准调整的公告（五金_工具、水饮冲调等）.md,关于类目资费标准调整的公告（五金/工具、水饮冲调等）,19911,14308,4655,2526,0,2128
企业,1298894248846401536_关于修订《京东开放平台质保期服务规则》的公示通知.md,关于修订《京东开放平台质保期服务规则》的公示通知,28723,25083,3150,1389,0,1760
企业,1300437196508323840_京东规则动态一览（2025年10月20日-2025年10月24日）.md,京东规则动态一览（2025年10月20日-2025年10月24日）,1403,1344,25,24,0,0
企业,1301009720522588160_关于新增《京东开放平台恶意铺品细则》的公示通知.md,关于新增《京东开放平台恶意铺品细则》的公示通知,2353,2306,45,44,0,0
企业,1301076919358742528_关于修订《京东开放平台商家违规管理总则》的公示通知.md,关于修订《京东开放平台商家违规管理总则》的公示通知,823,805,15,14,0,0
企业,1302542657244119040_关于修订《京东开放平台违规申诉材料提交规则解读》的公示通知.md,关于修订《京东开放平台违规申诉材料提交规则解读》的公示通知,12667,11866,598,381,0,216
企业,1302910429321125888_京东规则动态一览（2025年10月27日-2025年10月31日）.md,京东规则动态一览（2025年10月27日-2025年10月31日）,1250,1200,21,20,0,0
企业,1303597708439298048_京东开放平台恶意铺品细则.md,京东开放平台恶意铺品细则,1954,1921,36,35,0,0
企业,1304049279292563456_关于修订《京东开放平台店铺经营主体变更规则》的公示通知.md,关于修订《京东开放平台店铺经营主体变更规则》的公示通知,3151,3030,122,85,0,36
企业,1311582205173391360_关于修订《京东开放平台恶意铺品细则》的公示通知.md,关于修订《京东开放平台恶意铺品细则》的公示通知,708,705,16,15,0,0
企业,1312972494889787392_关于修订《京东开放平台商家保证金管理规则》的公示通知.md,关于修订《京东开放平台商家保证金管理规则》的公示通知,3924,3879,105,104,0,0
企业,1318194127241580544_京东规则动态一览（2025年12月1日-2025年12月7日）.md,京东规则动态一览（2025年12月1日-2025年12月7日）,1267,1222,22,21,0,0
企业,1318499539518066688_关于修订《京东开放平台一物一检合规管理规则》的公示通知.md,关于修订《京东开放平台一物一检合规管理规则》的公示通知,3674,3511,160,105,0,54
企业,1318850250429145088_关于京东平台个人_个体店收取广告外投费用的公告.md,关于京东平台个人/个体店收取广告外投费用的公告,450,436,13,12,0,0
企业,1320588661308243968_京东规则动态一览（2025年12月8日-2025年12月14日）.md,京东规则动态一览（2025年12月8日-2025年12月14日）,1359,1316,24,23,0,0
企业,1321670857456599040_关于修订《京东开放平台“0元开店”试运营管理规则》公示通知.md,关于修订《京东开放平台“0元开店”试运营管理规则》公示通知,734,721,16,15,0,0
企业,1366947102880149504_26年5-6月家用电器类目个人_个体店销售激励政策.md,26年5-6月家用电器类目个人/个体店销售激励政策,4423,3635,646,279,0,366
企业,1374594279135358976_关于新增《京东开放平台旗舰店商家考核规范》的公示通知.md,关于新增《京东开放平台旗舰店商家考核规范》的公示通知,2013,1961,44,43,0,0
企业,1377227267986407424_京东开放平台旗舰店商家考核规范.md,京东开放平台旗舰店商家考核规范,1838,1791,39,38,0,0
企业,2368_京东开放平台规则总则.md,京东开放平台规则总则,6304,6207,102,101,0,0
企业,2372_京东开放平台标错类事件处理标准.md,京东开放平台标错类事件处理标准,2423,2401,37,36,0,0
企业,2401_京东开放平台咚咚使用管理规则.md,京东开放平台咚咚使用管理规则,4329,4260,64,63,0,0
企业,2436_京东开放平台商品价格管理规则.md,京东开放平台商品价格管理规则,4561,4520,97,96,0,0
企业,2457_京东开放平台家装建材_五金_工具_灯饰照明_厨房卫浴类目资质标准.md,京东开放平台家装建材/五金/工具/灯饰照明/厨房卫浴类目资质标准,1058,1035,28,21,0,6
企业,2472_京东开放平台商家保证金管理规则.md,京东开放平台商家保证金管理规则,3800,3730,102,101,0,0
企业,2488_京东开放平台发货管理规则.md,京东开放平台发货管理规则,11612,10908,543,333,0,209
企业,2490_京东开放平台商品品质抽检管理规范总则.md,京东开放平台商品品质抽检管理规范总则,3087,3054,78,77,0,0
企业,2495_京东开放平台发布违禁商品及信息管理规范.md,京东开放平台发布违禁商品及信息管理规范,6690,6485,231,183,0,47
企业,2503_京东开放平台文娱类目资质标准.md,京东开放平台文娱类目资质标准,1416,1391,30,23,0,6
企业,2506_京东开放平台数码类目资质标准.md,京东开放平台数码类目资质标准,1546,1511,38,29,0,8
企业,2511_京东开放平台酒类类目资质标准.md,京东开放平台酒类类目资质标准,1529,1485,40,27,0,12
企业,2514_京东开放平台地方特产类目资质标准.md,京东开放平台地方特产类目资质标准,4074,3834,131,86,0,44
企业,2516_京东开放平台生鲜类目资质标准.md,京东开放平台生鲜类目资质标准,2312,2098,104,75,0,28
企业,2541_京东开放平台子域名管理规则.md,京东开放平台子域名管理规则,2356,2280,82,56,0,25
企业,2595_京东开放平台售后服务管理规则.md,京东开放平台售后服务管理规则,9113,8626,276,165,0,110
企业,2598_京东开放平台店铺命名及信息规范.md,京东开放平台店铺命名及信息规范,8157,7975,184,183,0,0
企业,2614_京东开放平台招商资质标准细则.md,京东开放平台招商资质标准细则,7287,6813,198,107,0,90
企业,2618_京东开放平台违规申诉材料提交规则解读.md,京东开放平台违规申诉材料提交规则解读,13610,12968,604,427,0,176
企业,2651_京东开放平台名词释义.md,京东开放平台名词释义,6738,6710,130,129,0,0
企业,2754_京东开放平台商家违规管理总则.md,京东开放平台商家违规管理总则,14282,14103,147,146,0,0
企业,2775_京东开放平台汽车用品类目资质标准.md,京东开放平台汽车用品类目资质标准,1439,1322,97,47,0,49
企业,3007_京东开放平台退店规则.md,京东开放平台退店规则,1386,1362,24,23,0,0
企业,3393_京东开放平台出售假冒商品细则.md,京东开放平台出售假冒商品细则,2808,2682,117,76,0,40
企业,3395_京东开放平台不当获取_使用信息违规细则.md,京东开放平台不当获取/使用信息违规细则,2582,2445,119,74,0,44
企业,3396_京东开放平台骗取他人财物细则.md,京东开放平台骗取他人财物细则,1143,1123,30,29,0,0
企业,3399_京东开放平台骚扰他人细则.md,京东开放平台骚扰他人细则,1954,1913,45,44,0,0
企业,3407_京东开放平台侵权违规细则.md,京东开放平台侵权违规细则,4444,4347,138,105,0,32
企业,3436_京东开放平台邮币类目资质标准.md,京东开放平台邮币类目资质标准,858,835,25,18,0,6
企业,3466_京东开放平台拍卖类目资质标准.md,京东开放平台拍卖类目资质标准,1666,1565,95,60,0,34
企业,3646_京东开放平台鲜花_奢侈品类目资质标准.md,京东开放平台鲜花/奢侈品类目资质标准,1446,1332,89,46,0,42
企业,3698_京东开放平台母婴类目资质标准.md,京东开放平台母婴类目资质标准,1159,1116,35,22,0,12
企业,3702_京东开放平台运动户外类目资质标准.md,京东开放平台运动户外类目资质标准,1282,1230,41,27,0,13
企业,3704_京东开放平台家用电器类目资质标准.md,京东开放平台家用电器类目资质标准,971,936,30,19,0,10
企业,3707_京东开放平台农资园艺类目资质标准.md,京东开放平台农资园艺类目资质标准,1814,1643,146,72,0,73
企业,3712_京东开放平台手机通讯类目资质标准.md,京东开放平台手机通讯类目资质标准,1471,1370,80,44,0,35
企业,3713_京东开放平台食品饮料_粮油调味_休闲食品_水饮冲调类目资质标准.md,京东开放平台食品饮料/粮油调味/休闲食品/水饮冲调类目资质标准,1268,1224,40,28,0,11
企业,3715_京东开放平台美妆护肤类目资质标准.md,京东开放平台美妆护肤类目资质标准,1296,1261,37,26,0,10
企业,3837_京东开放平台房地产类目资质标准.md,京东开放平台房地产类目资质标准,969,946,26,19,0,6
企业,3848_京东开放平台品质缺陷细则.md,京东开放平台品质缺陷细则,7877,7555,303,225,0,77
企业,3849_京东开放平台生鲜类商品品质抽检规范.md,京东开放平台生鲜类商品品质抽检规范,16479,14388,2096,1089,0,1006
企业,3923_京东开放平台招商管理规则.md,京东开放平台招商管理规则,5072,4943,84,83,0,0
企业,3969_京东开放平台免费上门测量服务规则.md,京东开放平台免费上门测量服务规则,5222,4550,511,201,0,309
企业,3978_京东开放平台商品价格保护服务规则.md,京东开放平台商品价格保护服务规则,4417,4100,159,92,0,66
企业,4110_京东开放平台资质不合格_虚假举证细则.md,京东开放平台资质不合格/虚假举证细则,4294,4151,153,108,0,44
企业,4266_京东开放平台工业品_元器件类目资质标准.md,京东开放平台工业品/元器件类目资质标准,2318,2278,42,31,0,10
企业,4325_京东开放平台医疗保健类目资质标准.md,京东开放平台医疗保健类目资质标准,1694,1589,82,46,0,35
企业,4663_京东开放平台商品质量指数管理规则.md,京东开放平台商品质量指数管理规则,2211,2155,50,49,0,0
企业,4667_京东开放平台皮鞋商品品质认证质量标准.md,京东开放平台皮鞋商品品质认证质量标准,3223,3085,184,129,0,54
企业,4668_京东开放平台休闲鞋商品品质认证质量标准.md,京东开放平台休闲鞋商品品质认证质量标准,3141,3011,168,117,0,50
企业,4669_京东开放平台羊绒大衣商品品质认证质量标准.md,京东开放平台羊绒大衣商品品质认证质量标准,12052,10597,1331,718,0,612
企业,4670_京东开放平台羊绒机织围巾、披肩商品品质认证质量标准.md,京东开放平台羊绒机织围巾、披肩商品品质认证质量标准,6074,5365,665,377,0,287
企业,4671_京东开放平台羊绒针织品商品品质认证质量标准.md,京东开放平台羊绒针织品商品品质认证质量标准,5970,5328,640,375,0,264
企业,4680_京东开放平台关联店铺管理规则.md,京东开放平台关联店铺管理规则,1968,1930,37,36,0,0
企业,4682_京东开放平台重点招募品牌.md,京东开放平台重点招募品牌,39070,35203,516,515,0,0
企业,4683_京东开放平台玩具乐器类目资质标准.md,京东开放平台玩具乐器类目资质标准,862,838,24,17,0,6
企业,562814072702242816_京东开放平台发票服务管理规则.md,京东开放平台发票服务管理规则,4809,4593,81,71,0,9
企业,584633040848949248_京东开放平台生鲜牛排类商品管理规则.md,京东开放平台生鲜牛排类商品管理规则,6158,5891,264,177,0,86
企业,595238990437814272_京东开放平台商品体验抽检规范.md,京东开放平台商品体验抽检规范,5566,5282,259,176,0,82
企业,600267875239989248_京东开放平台个人护理类目资质标准.md,京东开放平台个人护理类目资质标准,1274,1182,66,35,0,30
企业,600268375549153280_京东开放平台家庭清洁_纸品类目资质标准.md,京东开放平台家庭清洁/纸品类目资质标准,1234,1164,56,32,0,23
企业,610789667276722176_京东开放平台成人情趣服饰商品品质认证质量标准.md,京东开放平台成人情趣服饰商品品质认证质量标准,6461,5354,860,436,0,423
企业,638209647311982592_京东开放平台类目资费规则.md,京东开放平台类目资费规则,115092,86328,27044,12754,0,14289
企业,669790242710097920_京东开放平台LOC商品管理规则.md,京东开放平台LOC商品管理规则,3906,3875,62,61,0,0
企业,673344895381016576_京东开放平台店铺质量指数管理规则.md,京东开放平台店铺质量指数管理规则,1603,1548,71,52,0,18
企业,673347981335990272_京东开放平台医药类目资质标准.md,京东开放平台医药类目资质标准,1728,1654,59,38,0,20
企业,694160650670313472_京东开放平台发布违规宣传信息细则.md,京东开放平台发布违规宣传信息细则,2657,2562,107,74,0,32
企业,694365669382295552_京东开放平台固定式插座商品品质认证质量标准.md,京东开放平台固定式插座商品品质认证质量标准,125301,125049,360,258,0,101
企业,694391619658584064_京东开放平台墙壁开关商品品质认证质量标准.md,京东开放平台墙壁开关商品品质认证质量标准,453509,452462,511,346,0,164
企业,710018478362464256_京东开放平台滋补品类体验抽检规范.md,京东开放平台滋补品类体验抽检规范,4794,4603,223,156,0,66
企业,710019959656419328_京东开放平台营养保健食品体验抽检规范.md,京东开放平台营养保健食品体验抽检规范,7151,6665,444,264,0,178
企业,710021423627898880_京东开放平台成人情趣产品类商品体验抽检规范.md,京东开放平台成人情趣产品类商品体验抽检规范,8880,8212,605,334,0,270
企业,713011472556494848_京东开放平台时尚居家品类验厂验货管理规范.md,京东开放平台时尚居家品类验厂验货管理规范,5035,4462,360,169,0,190
企业,713016369066676224_京东开放平台合成树脂乳液内墙涂料商品品质认证质量标准.md,京东开放平台合成树脂乳液内墙涂料商品品质认证质量标准,4277,3314,386,218,0,167
企业,716845512975847424_京东开放平台智能门锁商品品质认证质量标准.md,京东开放平台智能门锁商品品质认证质量标准,26410,24616,1745,1066,0,678
企业,719359371104096256_京东开放平台“限塑令”行动倡议书及治理公告.md,京东开放平台“限塑令”行动倡议书及治理公告,2642,2443,158,73,0,84
企业,723066649191780352_京东开放平台本地生活_旅游出行_到家服务_二手回收类目资质标准.md,京东开放平台本地生活/旅游出行/到家服务/二手回收类目资质标准,6933,6338,495,235,0,259
企业,729989182319104000_京东开放平台教育培训类目资质标准.md,京东开放平台教育培训类目资质标准,1621,1527,73,38,0,34
企业,734358177788858368_京东开放平台商家地理标志类商品管理规则.md,京东开放平台商家地理标志类商品管理规则,2733,2631,80,67,0,12
企业,740135461623828480_京东开放平台家用红外线理疗仪（灯）商品体验抽检规范.md,京东开放平台家用红外线理疗仪（灯）商品体验抽检规范,6466,6258,255,177,0,77
企业,740139125876854784_京东开放平台眼罩_耳塞类商品体验抽检规范.md,京东开放平台眼罩/耳塞类商品体验抽检规范,7829,7373,439,264,0,174
企业,740140332531978240_京东开放平台隐形眼镜类商品体验抽检规范.md,京东开放平台隐形眼镜类商品体验抽检规范,5889,5675,246,164,0,81
企业,749512652694360064_京东开放平台厨具_床上用品_居家布艺_家居饰品_生活日用_收纳用品_民俗_非遗_艺术品类目资质标准.md,京东开放平台厨具/床上用品/居家布艺/家居饰品/生活日用/收纳用品/民俗/非遗/艺术品类目资质标准,1019,993,25,18,0,6
企业,749513889133236224_京东开放平台家具类目资质标准.md,京东开放平台家具类目资质标准,1120,1045,55,32,0,22
企业,749519799457026048_京东开放平台钟表眼镜类目资质标准.md,京东开放平台钟表眼镜类目资质标准,1233,1206,29,22,0,6
企业,750901511453806592_京东开放平台图书类目资质标准.md,京东开放平台图书类目资质标准,1324,1261,48,31,0,16
企业,758340495247282176_京东开放平台防水卷材商品品质认证质量标准.md,京东开放平台防水卷材商品品质认证质量标准,11063,8950,1898,916,0,981
企业,758506876412497920_京东开放平台防水涂料商品品质认证质量标准.md,京东开放平台防水涂料商品品质认证质量标准,8277,7183,1020,520,0,499
企业,760061764627992576_京东开放平台商家套利细则.md,京东开放平台商家套利细则,2286,2257,43,42,0,0
企业,760077009186590720_京东开放平台发布或推送第三方信息细则.md,京东开放平台发布或推送第三方信息细则,2974,2926,64,63,0,0
企业,760080125235695616_京东开放平台不当发布商品或信息细则.md,京东开放平台不当发布商品或信息细则,6619,6436,118,117,0,0
企业,770605594519408640_京东开放平台运动户外品类验厂验货管理规范.md,京东开放平台运动户外品类验厂验货管理规范,3111,2815,162,101,0,59
企业,770606188986503168_京东开放平台运动户外服饰验货规范.md,京东开放平台运动户外服饰验货规范,5207,4139,806,318,0,487
企业,770607322824314880_京东开放平台运动户外品类验厂规范.md,京东开放平台运动户外品类验厂规范,3170,2798,259,107,0,151
企业,770607933909241856_京东开放平台运动户外鞋靴产品验货规范.md,京东开放平台运动户外鞋靴产品验货规范,4003,3099,689,284,0,404
企业,770996834305970176_京东开放平台松滋鸡产品质量标准.md,京东开放平台松滋鸡产品质量标准,4830,4402,437,276,0,160
企业,773891299731443712_京东开放平台汽车类目资质标准.md,京东开放平台汽车类目资质标准,1182,1118,52,30,0,21
企业,788963324351090688_京东开放平台海鲜礼盒_海鲜卡券行业管理规范.md,京东开放平台海鲜礼盒/海鲜卡券行业管理规范,8985,8541,372,272,0,99
企业,790574496095539200_京东开放平台卡券商品管理规则.md,京东开放平台卡券商品管理规则,2952,2921,48,47,0,0
企业,793053530142412800_京东开放平台商品数量资源管理规则.md,京东开放平台商品数量资源管理规则,1962,1926,45,44,0,0
企业,799225772903632896_京东开放平台本地生活_旅游出行类商品管理规则.md,京东开放平台本地生活/旅游出行类商品管理规则,6533,6365,94,93,0,0
企业,819099196354334720_京东开放平台电动牙刷品类商品品质认证质量标准.md,京东开放平台电动牙刷品类商品品质认证质量标准,3870,3642,265,164,0,100
企业,819151963194265600_京东开放平台净水器品类商品品质认证质量标准.md,京东开放平台净水器品类商品品质认证质量标准,6419,5857,603,356,0,246
企业,819155831554707456_京东开放平台蓝牙耳机品类商品品质认证质量标准.md,京东开放平台蓝牙耳机品类商品品质认证质量标准,4424,4325,151,130,0,20
企业,819157582357860352_京东开放平台室内加热器商品品质认证质量标准.md,京东开放平台室内加热器商品品质认证质量标准,3874,3849,118,117,0,0
企业,819159505521741824_京东开放平台无雾加湿器品类商品品质认证质量标准.md,京东开放平台无雾加湿器品类商品品质认证质量标准,3667,3465,224,146,0,77
企业,826299126802157568_京东开放平台商品类目管理规范.md,京东开放平台商品类目管理规范,3303,2856,332,142,0,189
企业,826361760503173120_京东开放平台小龙虾商品管理规则.md,京东开放平台小龙虾商品管理规则,4954,4677,209,137,0,71
企业,843827262909452288_京东开放平台全自动麻将机类商品品质认证质量标准.md,京东开放平台全自动麻将机类商品品质认证质量标准,3911,3829,165,140,0,24
企业,856488442824101888_京东开放平台医药和医疗保健类商品管理规则.md,京东开放平台医药和医疗保健类商品管理规则,6005,5753,182,109,0,72
企业,871314268123959296_京东开放平台大闸蟹商品管理规则.md,京东开放平台大闸蟹商品管理规则,12296,11640,371,251,0,119
企业,871584955430473728_京东开放平台摩托车_电动车类目资质标准.md,京东开放平台摩托车/电动车类目资质标准,1314,1226,71,37,0,33
企业,872812854175207424_京东开放平台临时合规管控细则.md,京东开放平台临时合规管控细则,909,902,17,16,0,0
企业,879943310179962880_京东开放平台恶意倒卖细则.md,京东开放平台恶意倒卖细则,2854,2702,113,68,0,44
企业,880256294462820352_京东开放平台经营类目商品阈值明细表.md,京东开放平台经营类目商品阈值明细表,48087,31978,15191,7153,0,8037
企业,882556784357806080_京东开放平台宠物生活类目资质标准.md,京东开放平台宠物生活类目资质标准,1456,1348,87,47,0,39
企业,907468120992649216_京东开放平台传统滋补类目资质标准.md,京东开放平台传统滋补类目资质标准,1112,1069,34,23,0,10
企业,907471114710683648_京东开放平台健康服务类目资质标准.md,京东开放平台健康服务类目资质标准,1514,1366,124,62,0,61
企业,907471693356863488_京东开放平台营养保健类目资质标准.md,京东开放平台营养保健类目资质标准,1113,1070,34,23,0,10
企业,910870419488247808_京东开放平台店铺经营主体变更规则.md,京东开放平台店铺经营主体变更规则,2321,2290,53,52,0,0
企业,915123374395625472_京东开放平台“0元开店”试运营管理规则.md,京东开放平台“0元开店”试运营管理规则,1339,1323,36,35,0,0
企业,919505460657262592_京东开放平台店铺logo管理规则.md,京东开放平台店铺logo管理规则,1390,1365,35,34,0,0
企业,922009609563148288_京东开放平台女性护理商品信息合规规范.md,京东开放平台女性护理商品信息合规规范,1668,1650,31,30,0,0
企业,922010697783709696_京东开放平台男性用品商品信息合规规范.md,京东开放平台男性用品商品信息合规规范,1897,1880,35,34,0,0
企业,922042865700442112_2022年12月京东开放平台本地生活_旅游出行部分子类目售后服务体验提升公告.md,2022年12月京东开放平台本地生活/旅游出行部分子类目售后服务体验提升公告,1241,1113,95,49,0,45
企业,922769750780678144_京东开放平台发布混淆信息细则.md,京东开放平台发布混淆信息细则,2533,2422,102,69,0,32
企业,925034199356936192_京东开放平台家用电器商品信息合规规范.md,京东开放平台家用电器商品信息合规规范,5803,5655,81,80,0,0
企业,941277149179023360_京东开放平台商家服务管理规则.md,京东开放平台商家服务管理规则,37338,31804,4643,2063,0,2579
企业,945125822094774272_京东开放平台买贵双倍赔服务规则.md,京东开放平台买贵双倍赔服务规则,2951,2908,51,50,0,0
企业,947406695750045696_京东开放平台宠物健康类目资质标准.md,京东开放平台宠物健康类目资质标准,1216,1149,50,31,0,18
企业,953571076070313984_京东开放平台服饰内衣_鞋靴_箱包皮具_珠宝首饰_母婴（童装童鞋）类目资质标准.md,京东开放平台服饰内衣/鞋靴/箱包皮具/珠宝首饰/母婴（童装童鞋）类目资质标准,1601,1518,67,40,0,26
企业,957517074752737280_京东开放平台价格星级管理规则.md,京东开放平台价格星级管理规则,1851,1824,41,40,0,0
企业,976423974009442304_京东开放平台数字内容类目资质标准.md,京东开放平台数字内容类目资质标准,1075,1049,28,21,0,6
个体,1090224406216708096_京东开放平台个人_个体交易管理规则.md,京东开放平台个人/个体交易管理规则,16877,15885,635,416,0,218
个体,1090233093538844672_京东开放平台个人_个体纠纷处理规则.md,京东开放平台个人/个体纠纷处理规则,5378,4219,154,96,6,51
个体,1090233883129155584_京东开放平台个人_个体退店管理规则.md,京东开放平台个人/个体退店管理规则,1452,1437,24,23,0,0
个体,1090450620420329472_京东开放平台个人_个体商品管理规则.md,京东开放平台个人/个体商品管理规则,5402,5327,112,111,0,0
个体,1145534961424666624_京东开放平台个体店铺主体变更规则.md,京东开放平台个体店铺主体变更规则,1908,1788,41,40,0,0
个体,1147727438441222144_京东开放平台个人_个体店铺星级规则.md,京东开放平台个人/个体店铺星级规则,4215,3874,251,139,0,111
个体,1207258240992284672_京东开放平台个人_个体盲盒商品管理规则.md,京东开放平台个人/个体盲盒商品管理规则,2636,2580,45,44,0,0
个体,1208689859091369984_关于修订《京东开放平台个人_个体纠纷处理规则》的公示通知.md,关于修订《京东开放平台个人/个体纠纷处理规则》的公示通知,5333,5119,174,116,0,57
个体,1208722953223671808_关于修订《京东开放平台个人_个体合规管理规则》的公示通知.md,关于修订《京东开放平台个人/个体合规管理规则》的公示通知,34637,33893,607,558,0,48
个体,1211584136112902144_关于修订《京东开放平台个人_个体店铺综合体验分规则》的公示通知.md,关于修订《京东开放平台个人/个体店铺综合体验分规则》的公示通知,6808,5923,528,272,0,255
个体,1211622812805107712_京东开放平台个人_个体经营类目商品阈值明细表.md,京东开放平台个人/个体经营类目商品阈值明细表,12826,8263,4000,1719,0,2280
个体,1212731056730542080_关于修订《京东开放平台个人_个体合规管理规则》的公示通知.md,关于修订《京东开放平台个人/个体合规管理规则》的公示通知,2441,2419,31,24,0,6
个体,1214092191434149888_关于修订《京东开放平台个人_个体交易管理规则》的公示通知.md,关于修订《京东开放平台个人/个体交易管理规则》的公示通知,831,810,30,19,0,10
个体,1216727103068835840_关于修订《京东开放平台个人_个体合规管理规则》的公示通知.md,关于修订《京东开放平台个人/个体合规管理规则》的公示通知,3484,3442,60,44,0,15
个体,1217412041682325504_关于修订《京东开放平台个人_个体纠纷处理规则》的公示通知.md,关于修订《京东开放平台个人/个体纠纷处理规则》的公示通知,1224,1201,25,18,0,6
个体,1219533846010269696_关于修订《京东开放平台个人_个体合规管理规则》的公示通知.md,关于修订《京东开放平台个人/个体合规管理规则》的公示通知,667,644,22,15,0,6
个体,1221451254555873280_关于新增《京东开放平台个人店铺主体升级规则》的公示通知.md,关于新增《京东开放平台个人店铺主体升级规则》的公示通知,2131,2028,47,46,0,0
个体,1223868743667552256_关于修订《京东开放平台个人_个体一物一检规则》的公示通知.md,关于修订《京东开放平台个人/个体一物一检规则》的公示通知,1256,1192,57,32,0,24
个体,1224243967810473984_京东开放平台个人_个体店铺主体升级规则.md,京东开放平台个人/个体店铺主体升级规则,1927,1806,39,38,0,0
个体,1224915672044277760_关于修订《京东开放平台个人_个体合规管理规则》的公示通知.md,关于修订《京东开放平台个人/个体合规管理规则》的公示通知,1302,1279,35,28,0,6
个体,1233011167220338688_关于修订《京东开放平台个人_个体交易管理规则》的公示通知.md,关于修订《京东开放平台个人/个体交易管理规则》的公示通知,519,511,12,11,0,0
个体,1233961523773313024_关于修订《京东开放平台个人_个体纠纷处理规则》及相关规则的公示通知.md,关于修订《京东开放平台个人/个体纠纷处理规则》及相关规则的公示通知,2775,2706,56,37,0,18
个体,1234788793198972928_关于修订《京东开放平台个人_个体经营类目商品阈值明细表》的公示通知.md,关于修订《京东开放平台个人/个体经营类目商品阈值明细表》的公示通知,13092,8581,3957,1704,0,2252
个体,1239414283402612736_关于修订《京东开放平台个人个体交易管理规则》的公示通知.md,关于修订《京东开放平台个人个体交易管理规则》的公示通知,9634,9252,369,260,0,108
个体,1247888971204268032_关于修订《京东开放平台个人_个体经营类目商品阈值明细表》的公示通知.md,关于修订《京东开放平台个人/个体经营类目商品阈值明细表》的公示通知,1692,1223,416,190,0,225
个体,1249712217973198848_关于修订《_京东开放平台个人_个体店铺综合体验分规则》的公示通知.md,关于修订《京东开放平台个人/个体店铺综合体验分规则》的公示通知,4261,3932,249,137,0,111
个体,1253296595865309184_关于修订《京东开放平台个人_个体合规管理规则》的公示通知.md,关于修订《京东开放平台个人/个体合规管理规则》的公示通知,1321,1282,42,29,0,12
个体,1255060997891297280_关于修订《京东开放平台个人_个体合规管理规则》的公示通知.md,关于修订《京东开放平台个人/个体合规管理规则》的公示通知,3207,3188,60,59,0,0
个体,1255762570669854720_关于修订《京东开放平台个人_个体纠纷处理规则》的公示通知.md,关于修订《京东开放平台个人/个体纠纷处理规则》的公示通知,751,742,15,14,0,0
个体,1257213261586239488_关于修订《京东开放平台个人_个体开店管理规则》的公示通知.md,关于修订《京东开放平台个人/个体开店管理规则》的公示通知,494,489,13,12,0,0
个体,1259479258473041920_关于修订《京东开放平台个人_个体经营类目商品阈值明细表》的公示通知.md,关于修订《京东开放平台个人/个体经营类目商品阈值明细表》的公示通知,548,499,38,22,0,15
个体,1259847007779033088_关于修订《京东开放平台个人_个体合规管理规则》的公示通知.md,关于修订《京东开放平台个人/个体合规管理规则》的公示通知,908,899,14,13,0,0
个体,1265577647216398336_关于修订《京东开放平台个人_个体合规管理规则》的公示通知.md,关于修订《京东开放平台个人/个体合规管理规则》的公示通知,6824,6630,162,139,0,22
个体,1267046684546961408_关于修订《京东开放平台个人_个体合规管理规则》的公示通知.md,关于修订《京东开放平台个人/个体合规管理规则》的公示通知,6309,6200,117,116,0,0
个体,1272855299103002624_关于修订《京东开放平台个人_个体商品管理规则》的公示通知.md,关于修订《京东开放平台个人/个体商品管理规则》的公示通知,1643,1602,53,40,0,12
个体,1274706583716237312_关于修订《京东开放平台个人_个体经营类目商品阈值明细表》的公示通知.md,关于修订《京东开放平台个人/个体经营类目商品阈值明细表》的公示通知,522,483,29,18,0,10
个体,1276069582439845888_关于修订《京东开放平台个人_个体合规管理规则》的公示通知.md,关于修订《京东开放平台个人/个体合规管理规则》的公示通知,642,635,15,14,0,0
个体,1277536936805928960_【已失效】关于修订《京东开放平台个人_个体交易管理规则》的公示通知.md,【已失效】关于修订《京东开放平台个人/个体交易管理规则》的公示通知,668,657,16,15,0,0
个体,1277887486005219328_关于修订《京东开放平台个人_个体店铺星级规则》的公示通知.md,关于修订《京东开放平台个人/个体店铺星级规则》的公示通知,4735,4349,283,151,0,131
个体,1280880991510073344_关于修订《京东开放平台个人_个体合规管理规则》的公示通知.md,关于修订《京东开放平台个人/个体合规管理规则》的公示通知,4771,4689,78,77,0,0
个体,1281216148016336896_关于修订《京东开放平台个人店铺主体升级规则》的公示通知.md,关于修订《京东开放平台个人店铺主体升级规则》的公示通知,2502,2442,70,57,0,12
个体,1284831458732675072_“京东JD.COM”开放平台在线服务协议.md,“京东JD.COM”开放平台在线服务协议,32733,32332,330,329,0,0
个体,1284833437756297216_关于修订《京东开放平台个人_个体合规管理规则》的公示通知.md,关于修订《京东开放平台个人/个体合规管理规则》的公示通知,7312,6863,169,126,0,42
个体,1285939453038301184_关于修订《京东开放平台个人_个体合规管理规则》的公示通知.md,关于修订《京东开放平台个人/个体合规管理规则》的公示通知,37657,37226,731,666,0,64
个体,1286254013129560064_关于修订《京东开放平台个人_个体交易管理规则》的公示通知.md,关于修订《京东开放平台个人/个体交易管理规则》的公示通知,9379,8991,361,252,0,108
个体,1295662673208631296_关于修订《京东开放平台个人_个体合规管理规则》的公示通知.md,关于修订《京东开放平台个人/个体合规管理规则》的公示通知,1110,1013,23,22,0,0
个体,1297844072060919808_关于修订《京东开放平台个人_个体经营类目商品阈值明细表》的公示通知.md,关于修订《京东开放平台个人/个体经营类目商品阈值明细表》的公示通知,570,542,14,13,0,0
个体,1300341281989959680_关于修订《京东开放平台个人_个体合规管理规则》的公示通知.md,关于修订《京东开放平台个人/个体合规管理规则》的公示通知,553,455,12,11,0,0
个体,1308037443300376576_关于修订《京东开放平台个人_个体合规管理规则》的公示通知.md,关于修订《京东开放平台个人/个体合规管理规则》的公示通知,479,476,11,10,0,0
个体,1321674586772574208_关于修订《京东开放平台个人_个体开店管理规则》公示通知.md,关于修订《京东开放平台个人/个体开店管理规则》公示通知,631,618,17,16,0,0
个体,1323564833215586304_关于修订《京东开放平台个人_个体合规管理规则》的公示通知.md,关于修订《京东开放平台个人/个体合规管理规则》的公示通知,3425,3366,63,62,0,0
个体,1324983876244451328_关于修订《京东开放平台个人_个体交易管理规则》的公示通知.md,关于修订《京东开放平台个人/个体交易管理规则》的公示通知,4413,4246,174,100,0,73
个体,1328191347167178752_关于修订《京东开放平台个人_个体交易管理规则》的公示通知.md,关于修订《京东开放平台个人/个体交易管理规则》的公示通知,1164,1128,29,20,0,8
个体,1331900629675655168_关于修订《京东开放平台个人_个体店铺星级规则》的公示通知.md,关于修订《京东开放平台个人/个体店铺星级规则》的公示通知,4836,4484,271,151,0,119
个体,1333040240550461440_关于修订《京东开放平台个人_个体合规管理规则》的公示通知.md,关于修订《京东开放平台个人/个体合规管理规则》的公示通知,492,489,13,12,0,0
个体,1333340187688681472_关于修订《京东开放平台个体店铺主体变更规则》的公示通知.md,关于修订《京东开放平台个体店铺主体变更规则》的公示通知,445,442,12,11,0,0
个体,1333351393424031744_京东开放平台个人_个体店铺二轮车配类目销售激励政策（2026.3.1-2026.4.30）.md,京东开放平台个人/个体店铺二轮车配类目销售激励政策（2026.3.1-2026.4.30）,1937,1779,134,78,0,55
个体,1334355128174493696_京东开放平台个人_个体店铺资费规则.md,京东开放平台个人/个体店铺资费规则,30887,22712,7733,3665,0,4067
个体,1335877073803915264_京东开放平台个人_个体店铺母婴_玩具乐器类目招商激励政策（2026.2.1-2026.4.30）.md,京东开放平台个人/个体店铺母婴/玩具乐器类目招商激励政策（2026.2.1-2026.4.30）,2060,1949,94,67,0,26
个体,1336249167389634560_关于修订《京东开放平台个人个体合规管理规则》的公示通知.md,关于修订《京东开放平台个人个体合规管理规则》的公示通知,597,590,16,15,0,0
个体,1338687221000028160_京东开放平台个人_个体店宠物生活和宠物健康品类招商激励政策（2026.2.01-2026.4.30）.md,京东开放平台个人/个体店宠物生活和宠物健康品类招商激励政策（2026.2.01-2026.4.30）,1992,1899,87,62,0,24
个体,1344592744438284288_关于修订《京东开放平台个人个体合规管理规则》的公示通知.md,关于修订《京东开放平台个人个体合规管理规则》的公示通知,1082,1063,20,19,0,0
个体,1346676341082533888_京东时尚相关类目个人_个体店铺招商激励政策（2026.3.1-2026.5.31）.md,京东时尚相关类目个人/个体店铺招商激励政策（2026.3.1-2026.5.31）,2203,2100,95,68,0,26
个体,1346683474834862080_京东开放平台个人_个体店营养保健和传统滋补品类销售激励政策（2026.3.1-2026.6.30）.md,京东开放平台个人/个体店营养保健和传统滋补品类销售激励政策（2026.3.1-2026.6.30）,2229,2028,180,107,0,72
个体,1346684232984670208_京东开放平台个人_个体店营养保健和传统滋补品类招商激励政策（2026.3.01-2026.6.30）.md,京东开放平台个人/个体店营养保健和传统滋补品类招商激励政策（2026.3.01-2026.6.30）,1815,1754,85,60,0,24
个体,1348554469132316672_京东开放平台个人_个体店汽车用品类销售激励政策（2026.03.15-2026.06.30）.md,京东开放平台个人/个体店汽车用品类销售激励政策（2026.03.15-2026.06.30）,3315,2750,450,211,0,238
个体,1349650785204420608_关于修订《京东开放平台个人_个体店铺星级规则》的公示通知.md,关于修订《京东开放平台个人/个体店铺星级规则》的公示通知,5037,4667,288,160,0,127
个体,1354422683511537664_关于修订《京东开放平台个人_个体开店管理规则》的公示通知.md,关于修订《京东开放平台个人/个体开店管理规则》的公示通知,2051,2045,42,41,0,0
个体,1356169672091746304_关于修订《京东开放平台个人_个体交易管理规则》的公示通知.md,关于修订《京东开放平台个人/个体交易管理规则》的公示通知,3237,2897,238,125,0,112
个体,1356218447090925568_京东开放平台个人_个体店手机品类招商激励政策（2026.4.1-2026.6.30）.md,京东开放平台个人/个体店手机品类招商激励政策（2026.4.1-2026.6.30）,3006,2901,84,63,0,20
个体,1356521503699218432_关于修订《京东开放平台个人_个体合规管理规则》的公示通知.md,关于修订《京东开放平台个人/个体合规管理规则》的公示通知,56246,55450,1332,1091,0,240
个体,1356552885649784832_京东开放平台个人_个体店手机品类销售激励政策（2026.4.1-2026.6.30）.md,京东开放平台个人/个体店手机品类销售激励政策（2026.4.1-2026.6.30）,2838,2621,179,106,0,72
个体,1357188441834504192_京东开放平台个人_个体店厨房小电品类销售激励政策（2026.04.01-2026.06.30）.md,京东开放平台个人/个体店厨房小电品类销售激励政策（2026.04.01-2026.06.30）,11296,8676,2144,889,0,1254
个体,1357239876413927424_京东开放平台个人_个体店智能数码老商激励政策（2026.4.1-2026.6.30）.md,京东开放平台个人/个体店智能数码老商激励政策（2026.4.1-2026.6.30）,1625,1539,79,54,0,24
个体,1357240722296385536_京东开放平台个人_个体店智能数码招商激励政策（2026.4.1-2026.6.30）.md,京东开放平台个人/个体店智能数码招商激励政策（2026.4.1-2026.6.30）,2152,1830,262,151,0,110
个体,1358733517322432512_京东开放平台个人_个体店铺电脑办公类目招商激励政策（2026.4.1-2026.6.30）.md,京东开放平台个人/个体店铺电脑办公类目招商激励政策（2026.4.1-2026.6.30）,2549,2214,336,176,0,159
个体,1359716535046750208_京东开放平台个人_个体店影音影像品类招商激励政策（2026.4.1-2026.6.30）.md,京东开放平台个人/个体店影音影像品类招商激励政策（2026.4.1-2026.6.30）,2279,2126,130,76,0,53
个体,1364438878934904832_关于修订《京东开放平台个人_个体店铺资费规则》的公示通知.md,关于修订《京东开放平台个人/个体店铺资费规则》的公示通知,11476,8446,2822,1323,0,1498
个体,1364504764819943424_京东开放平台个人_个体店铺二轮车配类目销售激励政策（2026.5.1-2026.7.31）.md,京东开放平台个人/个体店铺二轮车配类目销售激励政策（2026.5.1-2026.7.31）,3045,2731,263,141,0,121
个体,1364872839788474368_关于修订《京东开放平台个人_个体交易管理规则》的公示通知.md,关于修订《京东开放平台个人/个体交易管理规则》的公示通知,739,702,25,16,0,8
个体,1367072732787752960_文教文化用品、图书、教育培训类目个人_个体店铺618大促销售激励政策（2026.5.1-2026.5.31）.md,文教文化用品、图书、教育培训类目个人/个体店铺618大促销售激励政策（2026.5.1-2026.5.31）,1890,1840,47,46,0,0
个体,1369258470929051648_京东开放平台个人_个体店数码、电脑办公品类招商激励政策（2026.04.01-2026.6.30）.md,京东开放平台个人/个体店数码、电脑办公品类招商激励政策（2026.04.01-2026.6.30）,2276,2213,51,50,0,0
个体,1370342083999547392_关于新增京东政企POP个人个体店入驻资费规则公示通知.md,关于新增京东政企POP个人个体店入驻资费规则公示通知,2357,2330,36,35,0,0
个体,1371401935867588608_京东开放平台个人_个体店个护健康品类销售激励政策（2026.05.01-2026.06.30）.md,京东开放平台个人/个体店个护健康品类销售激励政策（2026.05.01-2026.06.30）,25734,18727,5830,2369,0,3460
个体,1371671902013861888_关于修订《京东开放平台个人_个体经营类目商品阈值明细表》的公示通知.md,关于修订《京东开放平台个人/个体经营类目商品阈值明细表》的公示通知,651,562,73,39,0,33
个体,1372509588609675264_关于修订《京东开放平台个人_个体开店管理规则》的公示通知.md,关于修订《京东开放平台个人/个体开店管理规则》的公示通知,1028,988,36,23,0,12
个体,1373934191371075584_京东开放平台个人_个体店影音影像品类销售激励政策（2026.05.01-2026.06.30）.md,京东开放平台个人/个体店影音影像品类销售激励政策（2026.05.01-2026.06.30）,2617,2488,95,70,0,24
个体,1373935289712226304_京东开放平台个人_个体店宠物生活和宠物健康品类销售激励政策（2026.5.01-2026.6.30）.md,京东开放平台个人/个体店宠物生活和宠物健康品类销售激励政策（2026.5.01-2026.6.30）,1997,1897,103,69,0,33
个体,1381588851120386048_京东服饰相关类目个人_个体店铺招商激励政策（2026.6.1-2026.6.30）.md,京东服饰相关类目个人/个体店铺招商激励政策（2026.6.1-2026.6.30）,2309,2225,83,64,0,18
个体,1383626973798313984_关于修订《京东开放平台个人_个体合规管理规则》的公示通知.md,关于修订《京东开放平台个人/个体合规管理规则》的公示通知,1256,1216,39,26,0,12
个体,915118822988582912_京东开放平台个人_个体开店管理规则.md,京东开放平台个人/个体开店管理规则,17850,15687,1536,691,0,844
个体,923540006109319168_京东开放平台个人_个体合规管理规则.md,京东开放平台个人/个体合规管理规则,73968,69891,3904,2283,0,1620
